model,metric,baseline,candidate,delta,ci95_low,ci95_high
original_text_aw100_s42,1-NED,0.8509292555704482,0.856067105802004,0.005137850231555774,0.002327065544023452,0.008319926398069142
original_text_aw100_s42,CER,0.12526393725834317,0.12137000575863109,-0.0038939314997120805,-0.005757276898565597,-0.0022238674103489623
original_text_aw100_s42,DISTS,0.21155983757698674,0.21434946717887088,0.0027896296018841416,0.0021267081357510273,0.0034533345722147367
original_text_aw100_s42,LPIPS,0.38973017396598025,0.3914658511164545,0.0017356771504742352,-7.555616655898713e-07,0.003398072013053402
original_text_aw100_s42,OCR-A,0.6315172817809022,0.643526654950205,0.01200937316930284,0.00653194054405043,0.017969420532760207
original_text_aw100_s42,PSNR,19.94134175457717,19.95100220135802,0.009660446780848986,0.0017894813384129018,0.01808972422647546
original_text_aw100_s42,SSIM,0.7106368743589255,0.7090636886128923,-0.0015731857460332677,-0.0021821154632768016,-0.0009745756644202059
original_text_aw000_s42,1-NED,0.8509292555704482,0.8630458375776106,0.012116582007162369,0.007055321309863802,0.017298784688306538
original_text_aw000_s42,CER,0.12526393725834317,0.11607754956536047,-0.009186387692982703,-0.012167869204459347,-0.006368303945832341
original_text_aw000_s42,DISTS,0.21155983757698674,0.1948311319753128,-0.016728705601673943,-0.018392146861187807,-0.015059791037177668
original_text_aw000_s42,LPIPS,0.38973017396598025,0.3570311027810948,-0.032699071184885464,-0.035437249739108424,-0.030018675939618884
original_text_aw000_s42,OCR-A,0.6315172817809022,0.653485647334505,0.02196836555360282,0.011746976313290311,0.032306993664298886
original_text_aw000_s42,PSNR,19.94134175457717,19.988622880986824,0.047281126409654206,0.025578604438754038,0.06867178874911051
original_text_aw000_s42,SSIM,0.7106368743589255,0.718989665261051,0.008352790902125484,0.007192132492743886,0.00953718126431586
original_text_aw075_s42,1-NED,0.8509292555704482,0.8519450783437436,0.0010158227732953717,-0.0015531894198901914,0.0037902487499397656
original_text_aw075_s42,CER,0.12526393725834317,0.12405736693448871,-0.0012065703238544612,-0.002762906606476376,0.00023344653777853172
original_text_aw075_s42,DISTS,0.21155983757698674,0.20910731563166182,-0.0024525219453249147,-0.002898604990878773,-0.0020136989339101462
original_text_aw075_s42,LPIPS,0.38973017396598025,0.3835134989228742,-0.006216675043106079,-0.007220080614775057,-0.00526923482730926
original_text_aw075_s42,OCR-A,0.6315172817809022,0.6382542472173404,0.0067369654364382026,0.0012048011431639027,0.012526128724957461
original_text_aw075_s42,PSNR,19.94134175457717,19.91767915089925,-0.023662603677919947,-0.029914304762506738,-0.017248546848809367
original_text_aw075_s42,SSIM,0.7106368743589255,0.7096117329780791,-0.0010251413808464171,-0.0014279592448208506,-0.0006566613544857106
original_text_aw025_s42,1-NED,0.8509292555704482,0.8586186655736372,0.007689410003189012,0.0042538505305440705,0.011799222861144858
original_text_aw025_s42,CER,0.12526393725834317,0.11742123015328927,-0.0078427071050539,-0.011502322078721317,-0.0048284405005839985
original_text_aw025_s42,DISTS,0.21155983757698674,0.21062047568317574,-0.0009393618938109971,-0.001720592733543965,-0.00014462694811181
original_text_aw025_s42,LPIPS,0.38973017396598025,0.3929560302660383,0.003225856300058061,0.0019150599137919082,0.004590168506820508
original_text_aw025_s42,OCR-A,0.6315172817809022,0.650556531927358,0.0190392501464558,0.011691635602994174,0.02748288715751482
original_text_aw025_s42,PSNR,19.94134175457717,20.028176022672106,0.0868342680949361,0.0765547166838961,0.09848518325908254
original_text_aw025_s42,SSIM,0.7106368743589255,0.714933843294759,0.004296968935833423,0.0038405288995533417,0.004763939184965296
teacher_ocr_aw100_s42,1-NED,0.8681549594020203,0.866060517797231,-0.002094441604789221,-0.004638728855038179,0.0004030523313481991
teacher_ocr_aw100_s42,CER,0.11262237091068637,0.11448707050209779,0.0018646995914114173,0.00021475705079913973,0.003558004443459008
teacher_ocr_aw100_s42,DISTS,0.19543344718743103,0.20128934570655968,0.005855898519128655,0.0049765334846416,0.006777777788282825
teacher_ocr_aw100_s42,LPIPS,0.34018890553964054,0.3560410411707286,0.01585213563108806,0.014029619834203838,0.017656078910405153
teacher_ocr_aw100_s42,OCR-A,0.6637375512595196,0.6608084358523726,-0.0029291154071470205,-0.009705890068514234,0.003343649366843733
teacher_ocr_aw100_s42,PSNR,19.965186177542382,20.001263154420815,0.0360769768784337,0.020151001100797393,0.05116326425267379
teacher_ocr_aw100_s42,SSIM,0.7207893356410771,0.7206032782561931,-0.00018605738488397527,-0.0008382522381384344,0.0004180103756639713
teacher_ocr_aw075_s42,1-NED,0.8681549594020203,0.8664340967285332,-0.0017208626734870336,-0.0036334942075459177,0.0002089278169598119
teacher_ocr_aw075_s42,CER,0.11262237091068637,0.11421284997394905,0.0015904790632626786,0.00028212444169060973,0.003000722790114492
teacher_ocr_aw075_s42,DISTS,0.19543344718743103,0.19856496172389765,0.003131514536466623,0.0026114015800742796,0.003650403234008631
teacher_ocr_aw075_s42,LPIPS,0.34018890553964054,0.3445705296436032,0.004381624103962645,0.0030674969484865726,0.0056670948834483615
teacher_ocr_aw075_s42,OCR-A,0.6637375512595196,0.6625659050966608,-0.0011716461628588082,-0.0054541329024899166,0.00348419080189743
teacher_ocr_aw075_s42,PSNR,19.965186177542382,20.00002945428607,0.0348432767436897,0.025934653537942776,0.04408750040777489
teacher_ocr_aw075_s42,SSIM,0.7207893356410771,0.723387748487181,0.002598412846103959,0.0020124555034154333,0.0032256327058527543
teacher_ocr_aw025_s42,1-NED,0.8681549594020203,0.8677814717120746,-0.0003734876899456063,-0.0023030672191455574,0.0015746231452086448
teacher_ocr_aw025_s42,CER,0.11262237091068637,0.11295143554446486,0.00032906463377849193,-0.0012544898781189952,0.0018505822018074088
teacher_ocr_aw025_s42,DISTS,0.19543344718743103,0.19585319040378849,0.0004197432163574599,-0.0001121368501834849,0.0009502140269882506
teacher_ocr_aw025_s42,LPIPS,0.34018890553964054,0.33966871576519303,-0.0005201897744475104,-0.001402260355965379,0.00036821816387761733
teacher_ocr_aw025_s42,OCR-A,0.6637375512595196,0.6652021089630932,0.0014645577035735657,-0.0037088932242109905,0.00644591124556709
teacher_ocr_aw025_s42,PSNR,19.965186177542382,19.951136917903504,-0.014049259638877487,-0.019586475964250206,-0.008604679710562115
teacher_ocr_aw025_s42,SSIM,0.7207893356410771,0.7193803608161478,-0.0014089748249292988,-0.0017966846315954881,-0.0010592534212819056
teacher_ocr_aw000_s42,1-NED,0.8681549594020203,0.8645156022821069,-0.0036393571199133667,-0.005785009269572527,-0.0015724984623073297
teacher_ocr_aw000_s42,CER,0.11262237091068637,0.11544684235061836,0.0028244714399319887,0.001118210263570746,0.0046245357461216306
teacher_ocr_aw000_s42,DISTS,0.19543344718743103,0.19609174098091564,0.0006582937934846156,-0.00012764157120752074,0.0014613744285371401
teacher_ocr_aw000_s42,LPIPS,0.34018890553964054,0.34008930189627795,-9.960364336258909e-05,-0.0015227971334452763,0.0012958992500985602
teacher_ocr_aw000_s42,OCR-A,0.6637375512595196,0.6581722319859402,-0.005565319273579394,-0.011380725009165657,0.0
teacher_ocr_aw000_s42,PSNR,19.965186177542382,19.921901395951195,-0.043284781591186317,-0.053445338746141234,-0.0336127977261584
teacher_ocr_aw000_s42,SSIM,0.7207893356410771,0.7186725890061362,-0.0021167466349408803,-0.002681051894374989,-0.0015589662776697686
