model,id,group_id,content_fraction,psnr_full,psnr_content
initial,68f8481e756c004104965ae823eb4910ae035cfe99d28d4835f6c22dde2163b7_text_00,anyword3m/gt_963.jpg,1.0,26.002513592294306,26.002513592294306
text,68f8481e756c004104965ae823eb4910ae035cfe99d28d4835f6c22dde2163b7_text_00,anyword3m/gt_963.jpg,1.0,29.626626923512234,29.626626923512234
random,68f8481e756c004104965ae823eb4910ae035cfe99d28d4835f6c22dde2163b7_text_00,anyword3m/gt_963.jpg,1.0,29.958953707479754,29.958953707479754
initial,68f8481e756c004104965ae823eb4910ae035cfe99d28d4835f6c22dde2163b7_text_01,anyword3m/gt_963.jpg,0.755859375,25.719487091741833,25.020941345693334
text,68f8481e756c004104965ae823eb4910ae035cfe99d28d4835f6c22dde2163b7_text_01,anyword3m/gt_963.jpg,0.755859375,28.17316044564175,27.58719435691137
random,68f8481e756c004104965ae823eb4910ae035cfe99d28d4835f6c22dde2163b7_text_01,anyword3m/gt_963.jpg,0.755859375,28.527447618708507,27.991229847854754
initial,b95061a03c8885dcc0ad34ea432926865d51d963898442d0d1662190f8e5d769_text_00,anyword3m/gt_3321.jpg,0.86328125,28.308347109153395,27.76113823845954
text,b95061a03c8885dcc0ad34ea432926865d51d963898442d0d1662190f8e5d769_text_00,anyword3m/gt_3321.jpg,0.86328125,32.48619783686546,31.996988559562848
random,b95061a03c8885dcc0ad34ea432926865d51d963898442d0d1662190f8e5d769_text_00,anyword3m/gt_3321.jpg,0.86328125,31.21160723715168,30.687285917608836
initial,b95061a03c8885dcc0ad34ea432926865d51d963898442d0d1662190f8e5d769_text_01,anyword3m/gt_3321.jpg,0.888671875,27.919522379853447,27.50223923085922
text,b95061a03c8885dcc0ad34ea432926865d51d963898442d0d1662190f8e5d769_text_01,anyword3m/gt_3321.jpg,0.888671875,31.358540316082486,30.975104118272224
random,b95061a03c8885dcc0ad34ea432926865d51d963898442d0d1662190f8e5d769_text_01,anyword3m/gt_3321.jpg,0.888671875,29.873906847127234,29.46826223790477
initial,6ff51383da10d0232ec1a0d7a5f3b653ae29ad618eca89cee83a8a55634ff550_text_00,anyword3m/gt_3340.jpg,0.94140625,26.602560097093875,26.428869930885696
text,6ff51383da10d0232ec1a0d7a5f3b653ae29ad618eca89cee83a8a55634ff550_text_00,anyword3m/gt_3340.jpg,0.94140625,30.909936450137696,30.752681874216453
random,6ff51383da10d0232ec1a0d7a5f3b653ae29ad618eca89cee83a8a55634ff550_text_00,anyword3m/gt_3340.jpg,0.94140625,31.028028233643514,30.86873403455922
initial,6ff51383da10d0232ec1a0d7a5f3b653ae29ad618eca89cee83a8a55634ff550_text_01,anyword3m/gt_3340.jpg,0.947265625,25.878320082030314,25.782700581333998
text,6ff51383da10d0232ec1a0d7a5f3b653ae29ad618eca89cee83a8a55634ff550_text_01,anyword3m/gt_3340.jpg,0.947265625,28.749668698050105,28.691487438970647
random,6ff51383da10d0232ec1a0d7a5f3b653ae29ad618eca89cee83a8a55634ff550_text_01,anyword3m/gt_3340.jpg,0.947265625,28.320582394270723,28.25551264490727
initial,c04e00c15935eeca0d616aab0b7fdc91b4a19c16cfee97b0934f97cd1d71325f_text_00,anyword3m/gt_1994.jpg,1.0,26.679517833882855,26.679517833882855
text,c04e00c15935eeca0d616aab0b7fdc91b4a19c16cfee97b0934f97cd1d71325f_text_00,anyword3m/gt_1994.jpg,1.0,31.542971956255958,31.542971956255958
random,c04e00c15935eeca0d616aab0b7fdc91b4a19c16cfee97b0934f97cd1d71325f_text_00,anyword3m/gt_1994.jpg,1.0,32.233705523907915,32.233705523907915
initial,c04e00c15935eeca0d616aab0b7fdc91b4a19c16cfee97b0934f97cd1d71325f_text_01,anyword3m/gt_1994.jpg,0.81640625,22.72951275958901,21.99001023330943
text,c04e00c15935eeca0d616aab0b7fdc91b4a19c16cfee97b0934f97cd1d71325f_text_01,anyword3m/gt_1994.jpg,0.81640625,26.544768220885654,25.811277085872977
random,c04e00c15935eeca0d616aab0b7fdc91b4a19c16cfee97b0934f97cd1d71325f_text_01,anyword3m/gt_1994.jpg,0.81640625,25.68860903406992,24.963206293010195
initial,775c0c294ef641a7f2b6963bf3c276c9ca5a537650ab0bd4be0b6bef8dc549fb_text_00,anyword3m/gt_2558.jpg,0.833984375,24.99428895951809,24.790565857017548
text,775c0c294ef641a7f2b6963bf3c276c9ca5a537650ab0bd4be0b6bef8dc549fb_text_00,anyword3m/gt_2558.jpg,0.833984375,28.927669643864306,28.673600283225042
random,775c0c294ef641a7f2b6963bf3c276c9ca5a537650ab0bd4be0b6bef8dc549fb_text_00,anyword3m/gt_2558.jpg,0.833984375,28.710290291614974,28.4137926897999
initial,775c0c294ef641a7f2b6963bf3c276c9ca5a537650ab0bd4be0b6bef8dc549fb_text_01,anyword3m/gt_2558.jpg,0.818359375,27.243174927268697,26.51740570053228
text,775c0c294ef641a7f2b6963bf3c276c9ca5a537650ab0bd4be0b6bef8dc549fb_text_01,anyword3m/gt_2558.jpg,0.818359375,31.62882539665673,30.977686664844516
random,775c0c294ef641a7f2b6963bf3c276c9ca5a537650ab0bd4be0b6bef8dc549fb_text_01,anyword3m/gt_2558.jpg,0.818359375,30.923285700568638,30.237020085829606
initial,7698d7b5e793d54bb4fc97bbcb6f4157dbf0fd6cd5af371ca7383cb1228d77fe_text_00,anyword3m/gt_427.jpg,0.857421875,23.517867912226915,23.09870492052889
text,7698d7b5e793d54bb4fc97bbcb6f4157dbf0fd6cd5af371ca7383cb1228d77fe_text_00,anyword3m/gt_427.jpg,0.857421875,24.935926795739157,24.59616172115007
random,7698d7b5e793d54bb4fc97bbcb6f4157dbf0fd6cd5af371ca7383cb1228d77fe_text_00,anyword3m/gt_427.jpg,0.857421875,24.920467945948875,24.579912726851276
initial,51226c6f548648d6463408d2b75b4bf351770c4ea7a757f7b22fe92bf6c31ae1_text_00,anyword3m/gt_4948.jpg,0.5,27.311621012063277,24.43854688510694
text,51226c6f548648d6463408d2b75b4bf351770c4ea7a757f7b22fe92bf6c31ae1_text_00,anyword3m/gt_4948.jpg,0.5,28.66323300683068,25.8062238451522
random,51226c6f548648d6463408d2b75b4bf351770c4ea7a757f7b22fe92bf6c31ae1_text_00,anyword3m/gt_4948.jpg,0.5,27.98766472334819,25.095401824861057
initial,51226c6f548648d6463408d2b75b4bf351770c4ea7a757f7b22fe92bf6c31ae1_text_01,anyword3m/gt_4948.jpg,0.5,27.199191364757056,24.274658504097232
text,51226c6f548648d6463408d2b75b4bf351770c4ea7a757f7b22fe92bf6c31ae1_text_01,anyword3m/gt_4948.jpg,0.5,29.049181552196472,26.191531775909837
random,51226c6f548648d6463408d2b75b4bf351770c4ea7a757f7b22fe92bf6c31ae1_text_01,anyword3m/gt_4948.jpg,0.5,28.238043977747136,25.34778387826269
initial,96f76efaacdd1ceb94445fe4f6fcd67089d82b00a7d374e9ae04e467394c186d_text_00,anyword3m/gt_3346.jpg,0.5625,25.3417942535421,23.568917861754116
text,96f76efaacdd1ceb94445fe4f6fcd67089d82b00a7d374e9ae04e467394c186d_text_00,anyword3m/gt_3346.jpg,0.5625,27.143522303388576,25.35171591237454
random,96f76efaacdd1ceb94445fe4f6fcd67089d82b00a7d374e9ae04e467394c186d_text_00,anyword3m/gt_3346.jpg,0.5625,26.91850536847523,25.02097062467964
initial,96f76efaacdd1ceb94445fe4f6fcd67089d82b00a7d374e9ae04e467394c186d_text_01,anyword3m/gt_3346.jpg,0.5,26.71970166693283,24.276846316183626
text,96f76efaacdd1ceb94445fe4f6fcd67089d82b00a7d374e9ae04e467394c186d_text_01,anyword3m/gt_3346.jpg,0.5,27.651441694435416,25.26060501531491
random,96f76efaacdd1ceb94445fe4f6fcd67089d82b00a7d374e9ae04e467394c186d_text_01,anyword3m/gt_3346.jpg,0.5,26.79089562401638,24.266406439069847
initial,03b4b50e8d59809da453a4a5b9b08d97075fa7c9992325f5bfe21e851522bab8_text_00,anyword3m/gt_1936.jpg,0.986328125,30.75873213457704,30.726140582318408
text,03b4b50e8d59809da453a4a5b9b08d97075fa7c9992325f5bfe21e851522bab8_text_00,anyword3m/gt_1936.jpg,0.986328125,33.0596839387105,33.03414101732152
random,03b4b50e8d59809da453a4a5b9b08d97075fa7c9992325f5bfe21e851522bab8_text_00,anyword3m/gt_1936.jpg,0.986328125,33.24346160211087,33.22222312613187
initial,03b4b50e8d59809da453a4a5b9b08d97075fa7c9992325f5bfe21e851522bab8_text_01,anyword3m/gt_1936.jpg,1.0,29.134347380459698,29.134347380459698
text,03b4b50e8d59809da453a4a5b9b08d97075fa7c9992325f5bfe21e851522bab8_text_01,anyword3m/gt_1936.jpg,1.0,32.22853996463212,32.22853996463212
random,03b4b50e8d59809da453a4a5b9b08d97075fa7c9992325f5bfe21e851522bab8_text_01,anyword3m/gt_1936.jpg,1.0,33.07619561514673,33.07619561514673
initial,9646dca09524e85de8824aaf98132495db985c7dd38de8b8358c9d83003e0455_text_00,anyword3m/gt_565.jpg,1.0,21.713380856837393,21.713380856837393
text,9646dca09524e85de8824aaf98132495db985c7dd38de8b8358c9d83003e0455_text_00,anyword3m/gt_565.jpg,1.0,24.632133396111353,24.632133396111353
random,9646dca09524e85de8824aaf98132495db985c7dd38de8b8358c9d83003e0455_text_00,anyword3m/gt_565.jpg,1.0,25.140360967383224,25.140360967383224
initial,9646dca09524e85de8824aaf98132495db985c7dd38de8b8358c9d83003e0455_text_01,anyword3m/gt_565.jpg,1.0,22.08401886764426,22.08401886764426
text,9646dca09524e85de8824aaf98132495db985c7dd38de8b8358c9d83003e0455_text_01,anyword3m/gt_565.jpg,1.0,25.287091399982323,25.287091399982323
random,9646dca09524e85de8824aaf98132495db985c7dd38de8b8358c9d83003e0455_text_01,anyword3m/gt_565.jpg,1.0,25.731306527809487,25.731306527809487
initial,71075979067d54d99847b03fa41f8f4ed80b485c1bde3ddafb2843d6af686672_text_00,anyword3m/gt_2491.jpg,0.71484375,28.255977318536935,26.929701054208145
text,71075979067d54d99847b03fa41f8f4ed80b485c1bde3ddafb2843d6af686672_text_00,anyword3m/gt_2491.jpg,0.71484375,29.98648592635422,28.659004489629428
random,71075979067d54d99847b03fa41f8f4ed80b485c1bde3ddafb2843d6af686672_text_00,anyword3m/gt_2491.jpg,0.71484375,28.848697564734273,27.52741890336945
initial,71075979067d54d99847b03fa41f8f4ed80b485c1bde3ddafb2843d6af686672_text_01,anyword3m/gt_2491.jpg,1.0,27.36860179212226,27.36860179212226
text,71075979067d54d99847b03fa41f8f4ed80b485c1bde3ddafb2843d6af686672_text_01,anyword3m/gt_2491.jpg,1.0,30.74442192045096,30.74442192045096
random,71075979067d54d99847b03fa41f8f4ed80b485c1bde3ddafb2843d6af686672_text_01,anyword3m/gt_2491.jpg,1.0,30.681254789538333,30.681254789538333
initial,6e49c8d0ffbcd3c194bb44b4385ea4c5301a254797de36379a3379c96bcef4a3_text_00,anyword3m/gt_265.jpg,0.775390625,24.86085142027131,24.110600476349376
text,6e49c8d0ffbcd3c194bb44b4385ea4c5301a254797de36379a3379c96bcef4a3_text_00,anyword3m/gt_265.jpg,0.775390625,26.774547553899005,26.094674296660063
random,6e49c8d0ffbcd3c194bb44b4385ea4c5301a254797de36379a3379c96bcef4a3_text_00,anyword3m/gt_265.jpg,0.775390625,27.0529459209498,26.44404880914717
initial,6e49c8d0ffbcd3c194bb44b4385ea4c5301a254797de36379a3379c96bcef4a3_text_01,anyword3m/gt_265.jpg,0.6328125,25.03858115643169,23.75647967625364
text,6e49c8d0ffbcd3c194bb44b4385ea4c5301a254797de36379a3379c96bcef4a3_text_01,anyword3m/gt_265.jpg,0.6328125,26.535772513277465,25.31396278910206
random,6e49c8d0ffbcd3c194bb44b4385ea4c5301a254797de36379a3379c96bcef4a3_text_01,anyword3m/gt_265.jpg,0.6328125,26.657909552516156,25.582568613293972
initial,330c2fa95a29dbf77b03f2a9299d77a55e64e41d4cfc5f6a77e97cbe39dc0aa8_text_00,anyword3m/gt_5472.jpg,1.0,25.018967979411265,25.018967979411265
text,330c2fa95a29dbf77b03f2a9299d77a55e64e41d4cfc5f6a77e97cbe39dc0aa8_text_00,anyword3m/gt_5472.jpg,1.0,29.548835148035625,29.548835148035625
random,330c2fa95a29dbf77b03f2a9299d77a55e64e41d4cfc5f6a77e97cbe39dc0aa8_text_00,anyword3m/gt_5472.jpg,1.0,29.750227073405362,29.750227073405362
initial,330c2fa95a29dbf77b03f2a9299d77a55e64e41d4cfc5f6a77e97cbe39dc0aa8_text_01,anyword3m/gt_5472.jpg,1.0,25.456655540898506,25.456655540898506
text,330c2fa95a29dbf77b03f2a9299d77a55e64e41d4cfc5f6a77e97cbe39dc0aa8_text_01,anyword3m/gt_5472.jpg,1.0,30.131915073674286,30.131915073674286
random,330c2fa95a29dbf77b03f2a9299d77a55e64e41d4cfc5f6a77e97cbe39dc0aa8_text_01,anyword3m/gt_5472.jpg,1.0,29.988286473983553,29.988286473983553
initial,75b6a970b7d7d77f9715573024c4acaac6f81ee62ee61d0680224c456b90fe49_text_00,anyword3m/gt_3.jpg,1.0,25.614001565101617,25.614001565101617
text,75b6a970b7d7d77f9715573024c4acaac6f81ee62ee61d0680224c456b90fe49_text_00,anyword3m/gt_3.jpg,1.0,30.981601118411326,30.981601118411326
random,75b6a970b7d7d77f9715573024c4acaac6f81ee62ee61d0680224c456b90fe49_text_00,anyword3m/gt_3.jpg,1.0,31.262234114857716,31.262234114857716
initial,9526bcc910e398ee2ba6854b1bd1a9beb3a10a43f3953189c69107b1fc487375_text_00,anyword3m/gt_1021.jpg,1.0,27.132791584868965,27.132791584868965
text,9526bcc910e398ee2ba6854b1bd1a9beb3a10a43f3953189c69107b1fc487375_text_00,anyword3m/gt_1021.jpg,1.0,28.688796586851527,28.688796586851527
random,9526bcc910e398ee2ba6854b1bd1a9beb3a10a43f3953189c69107b1fc487375_text_00,anyword3m/gt_1021.jpg,1.0,28.879174996562913,28.879174996562913
initial,e6c5a2609ad9a0efe2144533996b5c73c8d715ddda7c3af68d1169d72123086d_text_00,anyword3m/gt_3076.jpg,0.919921875,23.348124664196487,23.047981396876377
text,e6c5a2609ad9a0efe2144533996b5c73c8d715ddda7c3af68d1169d72123086d_text_00,anyword3m/gt_3076.jpg,0.919921875,27.309384439467223,27.036956825684634
random,e6c5a2609ad9a0efe2144533996b5c73c8d715ddda7c3af68d1169d72123086d_text_00,anyword3m/gt_3076.jpg,0.919921875,27.747446216495504,27.487835928563946
initial,e6c5a2609ad9a0efe2144533996b5c73c8d715ddda7c3af68d1169d72123086d_text_01,anyword3m/gt_3076.jpg,0.98828125,24.117198240634828,24.076217255635694
text,e6c5a2609ad9a0efe2144533996b5c73c8d715ddda7c3af68d1169d72123086d_text_01,anyword3m/gt_3076.jpg,0.98828125,28.077989496085394,28.046568593233324
random,e6c5a2609ad9a0efe2144533996b5c73c8d715ddda7c3af68d1169d72123086d_text_01,anyword3m/gt_3076.jpg,0.98828125,27.79090809957355,27.755899553253208
initial,c9dfad0e580ab48b9ee704b9767bb196f46964c5b49521333f56806acb8d7f3d_text_00,anyword3m/gt_3075.jpg,0.544921875,24.193891882221877,21.530544948736793
text,c9dfad0e580ab48b9ee704b9767bb196f46964c5b49521333f56806acb8d7f3d_text_00,anyword3m/gt_3075.jpg,0.544921875,26.13354464557326,23.47476378509933
random,c9dfad0e580ab48b9ee704b9767bb196f46964c5b49521333f56806acb8d7f3d_text_00,anyword3m/gt_3075.jpg,0.544921875,25.638643247535462,22.977190864992227
initial,c9dfad0e580ab48b9ee704b9767bb196f46964c5b49521333f56806acb8d7f3d_text_01,anyword3m/gt_3075.jpg,0.583984375,24.13967877304982,22.454620646097453
text,c9dfad0e580ab48b9ee704b9767bb196f46964c5b49521333f56806acb8d7f3d_text_01,anyword3m/gt_3075.jpg,0.583984375,26.04456629184595,24.70767967390209
random,c9dfad0e580ab48b9ee704b9767bb196f46964c5b49521333f56806acb8d7f3d_text_01,anyword3m/gt_3075.jpg,0.583984375,26.081447689329256,24.575132428755193
initial,b487567910d896a62ad5e9df914daea26121719cbf21c6012c77bcc26f6e4f23_text_00,anyword3m/gt_5371.jpg,1.0,33.17460014758508,33.17460014758508
text,b487567910d896a62ad5e9df914daea26121719cbf21c6012c77bcc26f6e4f23_text_00,anyword3m/gt_5371.jpg,1.0,37.02292088327149,37.02292088327149
random,b487567910d896a62ad5e9df914daea26121719cbf21c6012c77bcc26f6e4f23_text_00,anyword3m/gt_5371.jpg,1.0,37.28659278610002,37.28659278610002
initial,b487567910d896a62ad5e9df914daea26121719cbf21c6012c77bcc26f6e4f23_text_01,anyword3m/gt_5371.jpg,1.0,29.209225607385623,29.209225607385623
text,b487567910d896a62ad5e9df914daea26121719cbf21c6012c77bcc26f6e4f23_text_01,anyword3m/gt_5371.jpg,1.0,32.743154366311146,32.743154366311146
random,b487567910d896a62ad5e9df914daea26121719cbf21c6012c77bcc26f6e4f23_text_01,anyword3m/gt_5371.jpg,1.0,34.12898273799461,34.12898273799461
initial,294c893ec6a0e562e6e3ba635b5e943117cc9583e6757ceea457f3569d9a536c_text_00,anyword3m/gt_5029.jpg,0.625,28.06269067355856,26.092640711235234
text,294c893ec6a0e562e6e3ba635b5e943117cc9583e6757ceea457f3569d9a536c_text_00,anyword3m/gt_5029.jpg,0.625,30.44340756917526,28.494640474177416
random,294c893ec6a0e562e6e3ba635b5e943117cc9583e6757ceea457f3569d9a536c_text_00,anyword3m/gt_5029.jpg,0.625,30.84243442794619,28.898989909411185
initial,294c893ec6a0e562e6e3ba635b5e943117cc9583e6757ceea457f3569d9a536c_text_01,anyword3m/gt_5029.jpg,0.75,27.788564099061457,26.604122470468923
text,294c893ec6a0e562e6e3ba635b5e943117cc9583e6757ceea457f3569d9a536c_text_01,anyword3m/gt_5029.jpg,0.75,30.70970226622844,29.563558302724985
random,294c893ec6a0e562e6e3ba635b5e943117cc9583e6757ceea457f3569d9a536c_text_01,anyword3m/gt_5029.jpg,0.75,31.540344097716513,30.403979169988933
initial,1c13c8ac74d691df2ddda1f4986eb29a86c649924773bd13c1de56bab7712cc4_text_00,anyword3m/gt_4738.jpg,0.615234375,26.59110327914288,25.165735254688354
text,1c13c8ac74d691df2ddda1f4986eb29a86c649924773bd13c1de56bab7712cc4_text_00,anyword3m/gt_4738.jpg,0.615234375,28.0669412112438,26.66521405546444
random,1c13c8ac74d691df2ddda1f4986eb29a86c649924773bd13c1de56bab7712cc4_text_00,anyword3m/gt_4738.jpg,0.615234375,27.940347899552297,26.614897733472485
initial,39e82a708334e3a712617ada9765bdc14f3955e4a6ba827528a3ab509c7f52d9_text_00,anyword3m/gt_3374.jpg,1.0,26.684929999381154,26.684929999381154
text,39e82a708334e3a712617ada9765bdc14f3955e4a6ba827528a3ab509c7f52d9_text_00,anyword3m/gt_3374.jpg,1.0,29.541875034307907,29.541875034307907
random,39e82a708334e3a712617ada9765bdc14f3955e4a6ba827528a3ab509c7f52d9_text_00,anyword3m/gt_3374.jpg,1.0,28.751532558372602,28.751532558372602
initial,a23ad9103e8e714e3f154a836c5f4d780de4e63140f26db59d8303d73f192f1c_text_00,anyword3m/gt_3219.jpg,0.564453125,24.549048307066926,23.814763809313227
text,a23ad9103e8e714e3f154a836c5f4d780de4e63140f26db59d8303d73f192f1c_text_00,anyword3m/gt_3219.jpg,0.564453125,25.685256655832802,24.694098508425203
random,a23ad9103e8e714e3f154a836c5f4d780de4e63140f26db59d8303d73f192f1c_text_00,anyword3m/gt_3219.jpg,0.564453125,24.055758972742346,23.005759277917434
initial,a23ad9103e8e714e3f154a836c5f4d780de4e63140f26db59d8303d73f192f1c_text_01,anyword3m/gt_3219.jpg,0.5625,25.195992945991645,24.145324348695766
text,a23ad9103e8e714e3f154a836c5f4d780de4e63140f26db59d8303d73f192f1c_text_01,anyword3m/gt_3219.jpg,0.5625,25.760696962299306,25.035142151151398
random,a23ad9103e8e714e3f154a836c5f4d780de4e63140f26db59d8303d73f192f1c_text_01,anyword3m/gt_3219.jpg,0.5625,24.731137614446798,23.663025970906475
initial,e7068d0ee72d66c228aabaa92b5c85fcce92ff2f858e81c7bcb5d54c9830f7c3_text_00,anyword3m/gt_4052.jpg,0.80078125,25.12229153442569,24.389334236177724
text,e7068d0ee72d66c228aabaa92b5c85fcce92ff2f858e81c7bcb5d54c9830f7c3_text_00,anyword3m/gt_4052.jpg,0.80078125,26.789426848952882,26.215780197264742
random,e7068d0ee72d66c228aabaa92b5c85fcce92ff2f858e81c7bcb5d54c9830f7c3_text_00,anyword3m/gt_4052.jpg,0.80078125,27.500452515336814,26.960366733832597
initial,e7068d0ee72d66c228aabaa92b5c85fcce92ff2f858e81c7bcb5d54c9830f7c3_text_01,anyword3m/gt_4052.jpg,0.880859375,25.953318884231425,25.62812160710251
text,e7068d0ee72d66c228aabaa92b5c85fcce92ff2f858e81c7bcb5d54c9830f7c3_text_01,anyword3m/gt_4052.jpg,0.880859375,27.450176411660845,27.209300833475034
random,e7068d0ee72d66c228aabaa92b5c85fcce92ff2f858e81c7bcb5d54c9830f7c3_text_01,anyword3m/gt_4052.jpg,0.880859375,28.31708484475357,28.097540658200746
initial,da74e4d808980cc649218690183f25ade75f97b2495bba052dcc0bb73fc7cd31_text_00,anyword3m/gt_1751.jpg,0.57421875,21.5610701968877,20.27126932677311
text,da74e4d808980cc649218690183f25ade75f97b2495bba052dcc0bb73fc7cd31_text_00,anyword3m/gt_1751.jpg,0.57421875,22.268372907358792,20.99020528295509
random,da74e4d808980cc649218690183f25ade75f97b2495bba052dcc0bb73fc7cd31_text_00,anyword3m/gt_1751.jpg,0.57421875,22.622722877461882,21.57267315860235
initial,da74e4d808980cc649218690183f25ade75f97b2495bba052dcc0bb73fc7cd31_text_01,anyword3m/gt_1751.jpg,0.583984375,21.163201478777452,19.86177036145868
text,da74e4d808980cc649218690183f25ade75f97b2495bba052dcc0bb73fc7cd31_text_01,anyword3m/gt_1751.jpg,0.583984375,21.686334346014483,20.461084156257336
random,da74e4d808980cc649218690183f25ade75f97b2495bba052dcc0bb73fc7cd31_text_01,anyword3m/gt_1751.jpg,0.583984375,22.145041771750687,21.070262285149045
initial,c1d5bfd502d31d9f836e77fa6cbeb94d3d57c919cb4d7ffcdcad508673cf9096_text_00,anyword3m/gt_2082.jpg,0.5,23.85056361058162,21.274337999411944
text,c1d5bfd502d31d9f836e77fa6cbeb94d3d57c919cb4d7ffcdcad508673cf9096_text_00,anyword3m/gt_2082.jpg,0.5,24.77418112370618,22.14258129249651
random,c1d5bfd502d31d9f836e77fa6cbeb94d3d57c919cb4d7ffcdcad508673cf9096_text_00,anyword3m/gt_2082.jpg,0.5,25.063056675333474,22.50233261403817
initial,09111c95d4afb85357592313b3add808bbf0731d49594647eb208235ec4d4bdb_text_00,anyword3m/gt_1761.jpg,0.5390625,25.91668976711879,23.88850814107161
text,09111c95d4afb85357592313b3add808bbf0731d49594647eb208235ec4d4bdb_text_00,anyword3m/gt_1761.jpg,0.5390625,26.82258382867949,24.839339298186687
random,09111c95d4afb85357592313b3add808bbf0731d49594647eb208235ec4d4bdb_text_00,anyword3m/gt_1761.jpg,0.5390625,26.632659515296204,24.98429757469745
initial,09111c95d4afb85357592313b3add808bbf0731d49594647eb208235ec4d4bdb_text_01,anyword3m/gt_1761.jpg,0.541015625,25.458961731599583,24.312537299354567
text,09111c95d4afb85357592313b3add808bbf0731d49594647eb208235ec4d4bdb_text_01,anyword3m/gt_1761.jpg,0.541015625,26.70028070410082,25.60649003648979
random,09111c95d4afb85357592313b3add808bbf0731d49594647eb208235ec4d4bdb_text_01,anyword3m/gt_1761.jpg,0.541015625,26.503510943881285,25.708820600845424
initial,ac46c7eee80e03b82ddf25ce16c37738822b67afbff91ffffc1364b14d825f30_text_00,anyword3m/gt_1148.jpg,0.64453125,25.077088999032206,23.258367452407896
text,ac46c7eee80e03b82ddf25ce16c37738822b67afbff91ffffc1364b14d825f30_text_00,anyword3m/gt_1148.jpg,0.64453125,27.7263965059064,25.974845869190304
random,ac46c7eee80e03b82ddf25ce16c37738822b67afbff91ffffc1364b14d825f30_text_00,anyword3m/gt_1148.jpg,0.64453125,27.278878422468104,25.50808096159856
initial,ac46c7eee80e03b82ddf25ce16c37738822b67afbff91ffffc1364b14d825f30_text_01,anyword3m/gt_1148.jpg,0.63671875,24.948447009580615,23.084224725535837
text,ac46c7eee80e03b82ddf25ce16c37738822b67afbff91ffffc1364b14d825f30_text_01,anyword3m/gt_1148.jpg,0.63671875,27.43740011122967,25.63517954749525
random,ac46c7eee80e03b82ddf25ce16c37738822b67afbff91ffffc1364b14d825f30_text_01,anyword3m/gt_1148.jpg,0.63671875,29.313813178883763,27.608980937075586
initial,8315eaa6e538767a23e8844ec7546a06d5010ae4ca14dc2cd8a846758d05a4f1_text_00,anyword3m/gt_2694.jpg,0.591796875,25.582244160368823,24.772993265133696
text,8315eaa6e538767a23e8844ec7546a06d5010ae4ca14dc2cd8a846758d05a4f1_text_00,anyword3m/gt_2694.jpg,0.591796875,27.26416524711972,26.530417189640623
random,8315eaa6e538767a23e8844ec7546a06d5010ae4ca14dc2cd8a846758d05a4f1_text_00,anyword3m/gt_2694.jpg,0.591796875,26.98051264512776,26.3567591230748
initial,d5f65ba008f16c81173fa254f0a0e47b159d102497674d76e7dee0c573a42d0e_text_00,anyword3m/gt_27.jpg,1.0,26.32476705055559,26.32476705055559
text,d5f65ba008f16c81173fa254f0a0e47b159d102497674d76e7dee0c573a42d0e_text_00,anyword3m/gt_27.jpg,1.0,30.334188826903986,30.334188826903986
random,d5f65ba008f16c81173fa254f0a0e47b159d102497674d76e7dee0c573a42d0e_text_00,anyword3m/gt_27.jpg,1.0,30.88411559741438,30.88411559741438
initial,d5f65ba008f16c81173fa254f0a0e47b159d102497674d76e7dee0c573a42d0e_text_01,anyword3m/gt_27.jpg,1.0,24.535686832649635,24.535686832649635
text,d5f65ba008f16c81173fa254f0a0e47b159d102497674d76e7dee0c573a42d0e_text_01,anyword3m/gt_27.jpg,1.0,26.89246734415637,26.89246734415637
random,d5f65ba008f16c81173fa254f0a0e47b159d102497674d76e7dee0c573a42d0e_text_01,anyword3m/gt_27.jpg,1.0,27.6200978690729,27.6200978690729
initial,41b10105b1ca69580ad2b9a103d894e6480b7eff286ca0bfcbcdb81ffbaf37d2_text_00,anyword3m/gt_3403.jpg,0.7734375,28.214675062090727,27.3244265685776
text,41b10105b1ca69580ad2b9a103d894e6480b7eff286ca0bfcbcdb81ffbaf37d2_text_00,anyword3m/gt_3403.jpg,0.7734375,29.61210682818104,28.70442590128309
random,41b10105b1ca69580ad2b9a103d894e6480b7eff286ca0bfcbcdb81ffbaf37d2_text_00,anyword3m/gt_3403.jpg,0.7734375,31.320872576860978,30.560489027593036
initial,41b10105b1ca69580ad2b9a103d894e6480b7eff286ca0bfcbcdb81ffbaf37d2_text_01,anyword3m/gt_3403.jpg,0.810546875,27.13494325320328,26.42539466556425
text,41b10105b1ca69580ad2b9a103d894e6480b7eff286ca0bfcbcdb81ffbaf37d2_text_01,anyword3m/gt_3403.jpg,0.810546875,29.63079031807571,28.955104400330598
random,41b10105b1ca69580ad2b9a103d894e6480b7eff286ca0bfcbcdb81ffbaf37d2_text_01,anyword3m/gt_3403.jpg,0.810546875,31.373691839484316,30.734259780680425
initial,d4913cd193b7519f2238307bab2c6fbb4e993576587a2bdd61ea4e30a3469077_text_00,anyword3m/gt_3396.jpg,0.55859375,29.48029069606122,27.658227045960523
text,d4913cd193b7519f2238307bab2c6fbb4e993576587a2bdd61ea4e30a3469077_text_00,anyword3m/gt_3396.jpg,0.55859375,30.871711369322963,28.957847628525577
random,d4913cd193b7519f2238307bab2c6fbb4e993576587a2bdd61ea4e30a3469077_text_00,anyword3m/gt_3396.jpg,0.55859375,30.223999955999293,28.21665676238922
initial,d4913cd193b7519f2238307bab2c6fbb4e993576587a2bdd61ea4e30a3469077_text_01,anyword3m/gt_3396.jpg,0.55859375,28.905783637591952,26.916714765809772
text,d4913cd193b7519f2238307bab2c6fbb4e993576587a2bdd61ea4e30a3469077_text_01,anyword3m/gt_3396.jpg,0.55859375,29.819280059494933,27.733002417758904
random,d4913cd193b7519f2238307bab2c6fbb4e993576587a2bdd61ea4e30a3469077_text_01,anyword3m/gt_3396.jpg,0.55859375,28.892568507131926,26.785271790830485
initial,332af1c0a1981e1207878d8e40d726fa140e293d6805788a00ff8f587860dc55_text_00,anyword3m/gt_5251.jpg,1.0,26.409918146940544,26.409918146940544
text,332af1c0a1981e1207878d8e40d726fa140e293d6805788a00ff8f587860dc55_text_00,anyword3m/gt_5251.jpg,1.0,29.986019653574047,29.986019653574047
random,332af1c0a1981e1207878d8e40d726fa140e293d6805788a00ff8f587860dc55_text_00,anyword3m/gt_5251.jpg,1.0,31.445586926477866,31.445586926477866
initial,332af1c0a1981e1207878d8e40d726fa140e293d6805788a00ff8f587860dc55_text_01,anyword3m/gt_5251.jpg,1.0,25.921375353330202,25.921375353330202
text,332af1c0a1981e1207878d8e40d726fa140e293d6805788a00ff8f587860dc55_text_01,anyword3m/gt_5251.jpg,1.0,28.62801404235256,28.62801404235256
random,332af1c0a1981e1207878d8e40d726fa140e293d6805788a00ff8f587860dc55_text_01,anyword3m/gt_5251.jpg,1.0,30.234237629850313,30.234237629850313
initial,396dc39da5771c63d6f165164146a10ce5360cfab4d4a5ffa978a530766f9c82_text_00,anyword3m/gt_3920.jpg,0.572265625,28.352095479303454,25.984324875244877
text,396dc39da5771c63d6f165164146a10ce5360cfab4d4a5ffa978a530766f9c82_text_00,anyword3m/gt_3920.jpg,0.572265625,29.01033903283265,26.64086574954803
random,396dc39da5771c63d6f165164146a10ce5360cfab4d4a5ffa978a530766f9c82_text_00,anyword3m/gt_3920.jpg,0.572265625,28.96015295629351,26.590593041189177
initial,396dc39da5771c63d6f165164146a10ce5360cfab4d4a5ffa978a530766f9c82_text_01,anyword3m/gt_3920.jpg,0.5,25.989887507499418,24.184405372790607
text,396dc39da5771c63d6f165164146a10ce5360cfab4d4a5ffa978a530766f9c82_text_01,anyword3m/gt_3920.jpg,0.5,27.21764991149871,25.548770650754125
random,396dc39da5771c63d6f165164146a10ce5360cfab4d4a5ffa978a530766f9c82_text_01,anyword3m/gt_3920.jpg,0.5,26.861939331834517,25.15262189615173
initial,8431d35b20c5de9f9121dbdaca32feb0a8f2b875d91c072e4a3c4babbeb2a98f_text_00,anyword3m/gt_2933.jpg,0.501953125,30.307770977864234,28.036790124888654
text,8431d35b20c5de9f9121dbdaca32feb0a8f2b875d91c072e4a3c4babbeb2a98f_text_00,anyword3m/gt_2933.jpg,0.501953125,31.5050824824854,29.402755600404397
random,8431d35b20c5de9f9121dbdaca32feb0a8f2b875d91c072e4a3c4babbeb2a98f_text_00,anyword3m/gt_2933.jpg,0.501953125,31.161734176713388,29.0632094866745
initial,8431d35b20c5de9f9121dbdaca32feb0a8f2b875d91c072e4a3c4babbeb2a98f_text_01,anyword3m/gt_2933.jpg,0.5,29.87680353485574,27.682279823435625
text,8431d35b20c5de9f9121dbdaca32feb0a8f2b875d91c072e4a3c4babbeb2a98f_text_01,anyword3m/gt_2933.jpg,0.5,31.162850995863568,29.068545691089568
random,8431d35b20c5de9f9121dbdaca32feb0a8f2b875d91c072e4a3c4babbeb2a98f_text_01,anyword3m/gt_2933.jpg,0.5,30.611266817648747,28.521088050075253
initial,d0e194214f985d06ebceebf6c6ba3a5d571523c62ff84abd35c3aaacdebd4ac1_text_00,anyword3m/gt_400.jpg,0.5,26.92541321376034,24.25516884292555
text,d0e194214f985d06ebceebf6c6ba3a5d571523c62ff84abd35c3aaacdebd4ac1_text_00,anyword3m/gt_400.jpg,0.5,27.49178392098586,24.768818135176506
random,d0e194214f985d06ebceebf6c6ba3a5d571523c62ff84abd35c3aaacdebd4ac1_text_00,anyword3m/gt_400.jpg,0.5,26.511582005373228,23.885930413049262
initial,d0e194214f985d06ebceebf6c6ba3a5d571523c62ff84abd35c3aaacdebd4ac1_text_01,anyword3m/gt_400.jpg,0.513671875,27.082482274531287,24.42692375119644
text,d0e194214f985d06ebceebf6c6ba3a5d571523c62ff84abd35c3aaacdebd4ac1_text_01,anyword3m/gt_400.jpg,0.513671875,27.68207498942891,25.01139397479523
random,d0e194214f985d06ebceebf6c6ba3a5d571523c62ff84abd35c3aaacdebd4ac1_text_01,anyword3m/gt_400.jpg,0.513671875,26.77273866497343,24.22109433824314
initial,1d6d41b31f884c2c39f427029dc6080a3408808357a033e38f3b8eccf92490c2_text_00,anyword3m/gt_4925.jpg,0.884765625,22.549487584852507,22.164449918665085
text,1d6d41b31f884c2c39f427029dc6080a3408808357a033e38f3b8eccf92490c2_text_00,anyword3m/gt_4925.jpg,0.884765625,24.534539874702574,24.180801279590405
random,1d6d41b31f884c2c39f427029dc6080a3408808357a033e38f3b8eccf92490c2_text_00,anyword3m/gt_4925.jpg,0.884765625,25.47870362767093,25.16642149502541
initial,1d6d41b31f884c2c39f427029dc6080a3408808357a033e38f3b8eccf92490c2_text_01,anyword3m/gt_4925.jpg,0.541015625,22.901208222903463,21.440472220903462
text,1d6d41b31f884c2c39f427029dc6080a3408808357a033e38f3b8eccf92490c2_text_01,anyword3m/gt_4925.jpg,0.541015625,23.38891044646177,21.967498055510767
random,1d6d41b31f884c2c39f427029dc6080a3408808357a033e38f3b8eccf92490c2_text_01,anyword3m/gt_4925.jpg,0.541015625,23.66822145076606,22.348475708658235
initial,26ac426068ecc1f08057ed5e18d267043bfda184b232c43ce5b341a0c9600b2e_text_00,anyword3m/gt_3292.jpg,0.98046875,24.256054670272196,24.236923106490245
text,26ac426068ecc1f08057ed5e18d267043bfda184b232c43ce5b341a0c9600b2e_text_00,anyword3m/gt_3292.jpg,0.98046875,27.201680997082242,27.185937256907458
random,26ac426068ecc1f08057ed5e18d267043bfda184b232c43ce5b341a0c9600b2e_text_00,anyword3m/gt_3292.jpg,0.98046875,27.342817631864413,27.336762934932896
initial,26ac426068ecc1f08057ed5e18d267043bfda184b232c43ce5b341a0c9600b2e_text_01,anyword3m/gt_3292.jpg,1.0,24.001080984473013,24.001080984473013
text,26ac426068ecc1f08057ed5e18d267043bfda184b232c43ce5b341a0c9600b2e_text_01,anyword3m/gt_3292.jpg,1.0,26.998995671245897,26.998995671245897
random,26ac426068ecc1f08057ed5e18d267043bfda184b232c43ce5b341a0c9600b2e_text_01,anyword3m/gt_3292.jpg,1.0,27.204977481518927,27.204977481518927
initial,48db41a6018d69108a7c92f5c57fdca8ef95fb4ad769aa97c46525a7272cb6a6_text_00,anyword3m/gt_3180.jpg,0.787109375,32.92503695953663,32.028263640061915
text,48db41a6018d69108a7c92f5c57fdca8ef95fb4ad769aa97c46525a7272cb6a6_text_00,anyword3m/gt_3180.jpg,0.787109375,35.9160941705824,35.10323057576194
random,48db41a6018d69108a7c92f5c57fdca8ef95fb4ad769aa97c46525a7272cb6a6_text_00,anyword3m/gt_3180.jpg,0.787109375,36.041939916665,35.249562292109225
initial,48db41a6018d69108a7c92f5c57fdca8ef95fb4ad769aa97c46525a7272cb6a6_text_01,anyword3m/gt_3180.jpg,0.583984375,31.810684834096513,29.713895979189143
text,48db41a6018d69108a7c92f5c57fdca8ef95fb4ad769aa97c46525a7272cb6a6_text_01,anyword3m/gt_3180.jpg,0.583984375,33.98321138483399,31.852624736845225
random,48db41a6018d69108a7c92f5c57fdca8ef95fb4ad769aa97c46525a7272cb6a6_text_01,anyword3m/gt_3180.jpg,0.583984375,33.58822213493741,31.516351002951005
initial,464fe3e52352dfff409c8b4308916be3c4421983c47ffce6652b61640f444e59_text_00,anyword3m/gt_2995.jpg,0.80859375,25.666082352667956,25.24397987180325
text,464fe3e52352dfff409c8b4308916be3c4421983c47ffce6652b61640f444e59_text_00,anyword3m/gt_2995.jpg,0.80859375,27.479869588896662,27.059731892015478
random,464fe3e52352dfff409c8b4308916be3c4421983c47ffce6652b61640f444e59_text_00,anyword3m/gt_2995.jpg,0.80859375,28.275656983778653,28.00370949531076
initial,464fe3e52352dfff409c8b4308916be3c4421983c47ffce6652b61640f444e59_text_01,anyword3m/gt_2995.jpg,0.744140625,25.750235671132575,25.41765835672866
text,464fe3e52352dfff409c8b4308916be3c4421983c47ffce6652b61640f444e59_text_01,anyword3m/gt_2995.jpg,0.744140625,27.176498135593942,26.842603052921632
random,464fe3e52352dfff409c8b4308916be3c4421983c47ffce6652b61640f444e59_text_01,anyword3m/gt_2995.jpg,0.744140625,27.451312140656746,27.24114784060494
initial,42443b739f04a3ac9f18b6d895772e39ad1a8ff95a7b37ad786a362b4b1a5f05_text_00,anyword3m/gt_2837.jpg,0.78125,24.16964968357918,23.32147949132076
text,42443b739f04a3ac9f18b6d895772e39ad1a8ff95a7b37ad786a362b4b1a5f05_text_00,anyword3m/gt_2837.jpg,0.78125,25.44888436008353,24.62468026345455
random,42443b739f04a3ac9f18b6d895772e39ad1a8ff95a7b37ad786a362b4b1a5f05_text_00,anyword3m/gt_2837.jpg,0.78125,25.499542196677524,24.656060894345213
initial,42443b739f04a3ac9f18b6d895772e39ad1a8ff95a7b37ad786a362b4b1a5f05_text_01,anyword3m/gt_2837.jpg,0.7578125,24.17381022029572,23.196152747772043
text,42443b739f04a3ac9f18b6d895772e39ad1a8ff95a7b37ad786a362b4b1a5f05_text_01,anyword3m/gt_2837.jpg,0.7578125,25.60089050570268,24.664165904504294
random,42443b739f04a3ac9f18b6d895772e39ad1a8ff95a7b37ad786a362b4b1a5f05_text_01,anyword3m/gt_2837.jpg,0.7578125,25.54388459561164,24.619265423601604
initial,928dc35c922ff19d3d34a9156fda23601713e73247e37ca7f51e86e041962d5f_text_00,anyword3m/gt_3012.jpg,0.697265625,25.67274958532248,26.323615648160835
text,928dc35c922ff19d3d34a9156fda23601713e73247e37ca7f51e86e041962d5f_text_00,anyword3m/gt_3012.jpg,0.697265625,28.058377040701977,28.877091117932444
random,928dc35c922ff19d3d34a9156fda23601713e73247e37ca7f51e86e041962d5f_text_00,anyword3m/gt_3012.jpg,0.697265625,27.763051835052313,28.729851289667234
initial,928dc35c922ff19d3d34a9156fda23601713e73247e37ca7f51e86e041962d5f_text_01,anyword3m/gt_3012.jpg,0.6953125,25.8830923746382,26.32304698918709
text,928dc35c922ff19d3d34a9156fda23601713e73247e37ca7f51e86e041962d5f_text_01,anyword3m/gt_3012.jpg,0.6953125,28.243291277733988,28.667366070108876
random,928dc35c922ff19d3d34a9156fda23601713e73247e37ca7f51e86e041962d5f_text_01,anyword3m/gt_3012.jpg,0.6953125,28.511789971093112,28.757172298041255
initial,2332dd5b673bc510e03151fb87875728b2b77290947a0cc9750cc4348fcae11a_text_00,anyword3m/gt_3197.jpg,0.6015625,25.42010574407606,23.99798230431646
text,2332dd5b673bc510e03151fb87875728b2b77290947a0cc9750cc4348fcae11a_text_00,anyword3m/gt_3197.jpg,0.6015625,26.413909551387146,25.02065805874123
random,2332dd5b673bc510e03151fb87875728b2b77290947a0cc9750cc4348fcae11a_text_00,anyword3m/gt_3197.jpg,0.6015625,26.480389443495383,25.119416870698107
initial,2332dd5b673bc510e03151fb87875728b2b77290947a0cc9750cc4348fcae11a_text_01,anyword3m/gt_3197.jpg,0.63671875,26.23196010936428,25.149191406458776
text,2332dd5b673bc510e03151fb87875728b2b77290947a0cc9750cc4348fcae11a_text_01,anyword3m/gt_3197.jpg,0.63671875,27.441761763215556,26.410484719774328
random,2332dd5b673bc510e03151fb87875728b2b77290947a0cc9750cc4348fcae11a_text_01,anyword3m/gt_3197.jpg,0.63671875,27.163997398279896,26.062784409737464
initial,99787e4a9c665334e99e8c8d63e0fdb30520ca8dde82e02c13ac91ceff74e051_text_00,anyword3m/gt_4212.jpg,0.96875,25.54407735705373,25.470869758921154
text,99787e4a9c665334e99e8c8d63e0fdb30520ca8dde82e02c13ac91ceff74e051_text_00,anyword3m/gt_4212.jpg,0.96875,28.231766013276815,28.162462248652652
random,99787e4a9c665334e99e8c8d63e0fdb30520ca8dde82e02c13ac91ceff74e051_text_00,anyword3m/gt_4212.jpg,0.96875,28.347864105401687,28.288974614434707
initial,99787e4a9c665334e99e8c8d63e0fdb30520ca8dde82e02c13ac91ceff74e051_text_01,anyword3m/gt_4212.jpg,1.0,25.11293492599229,25.11293492599229
text,99787e4a9c665334e99e8c8d63e0fdb30520ca8dde82e02c13ac91ceff74e051_text_01,anyword3m/gt_4212.jpg,1.0,27.23263494055932,27.23263494055932
random,99787e4a9c665334e99e8c8d63e0fdb30520ca8dde82e02c13ac91ceff74e051_text_01,anyword3m/gt_4212.jpg,1.0,27.194535150952003,27.194535150952003
initial,80269e0b11e406b55038e9acb911f429fab84ca8659eaaf541ca4dc0ef9d6c47_text_00,anyword3m/gt_2084.jpg,1.0,21.758918679272725,21.758918679272725
text,80269e0b11e406b55038e9acb911f429fab84ca8659eaaf541ca4dc0ef9d6c47_text_00,anyword3m/gt_2084.jpg,1.0,23.726912303487534,23.726912303487534
random,80269e0b11e406b55038e9acb911f429fab84ca8659eaaf541ca4dc0ef9d6c47_text_00,anyword3m/gt_2084.jpg,1.0,24.30934501701166,24.30934501701166
initial,80269e0b11e406b55038e9acb911f429fab84ca8659eaaf541ca4dc0ef9d6c47_text_01,anyword3m/gt_2084.jpg,1.0,24.35157300349594,24.35157300349594
text,80269e0b11e406b55038e9acb911f429fab84ca8659eaaf541ca4dc0ef9d6c47_text_01,anyword3m/gt_2084.jpg,1.0,27.109604222833198,27.109604222833198
random,80269e0b11e406b55038e9acb911f429fab84ca8659eaaf541ca4dc0ef9d6c47_text_01,anyword3m/gt_2084.jpg,1.0,27.433983490023095,27.433983490023095
initial,46a4a86c0db9790372abb8d5a33c93c5045a3aaec0b130e87a66a13f2ca9af15_text_00,anyword3m/gt_5014.jpg,0.734375,29.372368973505555,28.149088254277224
text,46a4a86c0db9790372abb8d5a33c93c5045a3aaec0b130e87a66a13f2ca9af15_text_00,anyword3m/gt_5014.jpg,0.734375,31.31627399200672,30.09768298366692
random,46a4a86c0db9790372abb8d5a33c93c5045a3aaec0b130e87a66a13f2ca9af15_text_00,anyword3m/gt_5014.jpg,0.734375,31.24943591860431,30.06620881024586
initial,46a4a86c0db9790372abb8d5a33c93c5045a3aaec0b130e87a66a13f2ca9af15_text_01,anyword3m/gt_5014.jpg,0.666015625,29.05104199616073,27.507461557492725
text,46a4a86c0db9790372abb8d5a33c93c5045a3aaec0b130e87a66a13f2ca9af15_text_01,anyword3m/gt_5014.jpg,0.666015625,30.329404875391994,28.749895496010073
random,46a4a86c0db9790372abb8d5a33c93c5045a3aaec0b130e87a66a13f2ca9af15_text_01,anyword3m/gt_5014.jpg,0.666015625,29.68286454229091,28.101753108627765
initial,dfd2d82c1cc738574858286aa8e9679a67ef25d95e7c32a22ec3b60cc8af0acc_text_00,anyword3m/gt_86.jpg,0.689453125,21.774589242109897,20.49747765768808
text,dfd2d82c1cc738574858286aa8e9679a67ef25d95e7c32a22ec3b60cc8af0acc_text_00,anyword3m/gt_86.jpg,0.689453125,22.492829682085134,21.21698855651561
random,dfd2d82c1cc738574858286aa8e9679a67ef25d95e7c32a22ec3b60cc8af0acc_text_00,anyword3m/gt_86.jpg,0.689453125,22.19078237604037,20.890346775417488
initial,dfd2d82c1cc738574858286aa8e9679a67ef25d95e7c32a22ec3b60cc8af0acc_text_01,anyword3m/gt_86.jpg,0.697265625,22.309425546121116,21.091894879400375
text,dfd2d82c1cc738574858286aa8e9679a67ef25d95e7c32a22ec3b60cc8af0acc_text_01,anyword3m/gt_86.jpg,0.697265625,23.516908827445135,22.33085917574
random,dfd2d82c1cc738574858286aa8e9679a67ef25d95e7c32a22ec3b60cc8af0acc_text_01,anyword3m/gt_86.jpg,0.697265625,23.28602007708009,22.01717581311606
initial,95668a22672ffc6933700cbe0c97574fefe186c676ea23fe58a2aea4927936a2_text_00,anyword3m/gt_4316.jpg,1.0,26.167733960911264,26.167733960911264
text,95668a22672ffc6933700cbe0c97574fefe186c676ea23fe58a2aea4927936a2_text_00,anyword3m/gt_4316.jpg,1.0,30.329748771607157,30.329748771607157
random,95668a22672ffc6933700cbe0c97574fefe186c676ea23fe58a2aea4927936a2_text_00,anyword3m/gt_4316.jpg,1.0,30.400049567598156,30.400049567598156
initial,95668a22672ffc6933700cbe0c97574fefe186c676ea23fe58a2aea4927936a2_text_01,anyword3m/gt_4316.jpg,1.0,26.084782932590226,26.084782932590226
text,95668a22672ffc6933700cbe0c97574fefe186c676ea23fe58a2aea4927936a2_text_01,anyword3m/gt_4316.jpg,1.0,30.05217714886237,30.05217714886237
random,95668a22672ffc6933700cbe0c97574fefe186c676ea23fe58a2aea4927936a2_text_01,anyword3m/gt_4316.jpg,1.0,30.22306826612372,30.22306826612372
initial,1817e2e89db414069d99ddfa8550ad49b0116ef74a90668c8dad62ee5910426b_text_00,anyword3m/gt_379.jpg,0.857421875,25.480990199598388,24.95761417271786
text,1817e2e89db414069d99ddfa8550ad49b0116ef74a90668c8dad62ee5910426b_text_00,anyword3m/gt_379.jpg,0.857421875,28.9044117670839,28.372717435231444
random,1817e2e89db414069d99ddfa8550ad49b0116ef74a90668c8dad62ee5910426b_text_00,anyword3m/gt_379.jpg,0.857421875,29.442675123464678,29.023620223282407
initial,1817e2e89db414069d99ddfa8550ad49b0116ef74a90668c8dad62ee5910426b_text_01,anyword3m/gt_379.jpg,0.767578125,26.19502796769513,25.383156110877238
text,1817e2e89db414069d99ddfa8550ad49b0116ef74a90668c8dad62ee5910426b_text_01,anyword3m/gt_379.jpg,0.767578125,28.61472312899277,27.767935977899405
random,1817e2e89db414069d99ddfa8550ad49b0116ef74a90668c8dad62ee5910426b_text_01,anyword3m/gt_379.jpg,0.767578125,29.037000375843473,28.345775752712953
initial,f36b0c923d93f704a58a584bb1b8b2a55c0d0d56486ecdfe8fde300b99f212f1_text_00,anyword3m/gt_5258.jpg,0.55078125,27.06287344349732,24.512998616053075
text,f36b0c923d93f704a58a584bb1b8b2a55c0d0d56486ecdfe8fde300b99f212f1_text_00,anyword3m/gt_5258.jpg,0.55078125,28.399882075823104,25.849755828821227
random,f36b0c923d93f704a58a584bb1b8b2a55c0d0d56486ecdfe8fde300b99f212f1_text_00,anyword3m/gt_5258.jpg,0.55078125,27.960304033040615,25.416006679446905
initial,f36b0c923d93f704a58a584bb1b8b2a55c0d0d56486ecdfe8fde300b99f212f1_text_01,anyword3m/gt_5258.jpg,0.587890625,26.838857716678408,24.67939345372963
text,f36b0c923d93f704a58a584bb1b8b2a55c0d0d56486ecdfe8fde300b99f212f1_text_01,anyword3m/gt_5258.jpg,0.587890625,28.55700385270426,26.41868055142481
random,f36b0c923d93f704a58a584bb1b8b2a55c0d0d56486ecdfe8fde300b99f212f1_text_01,anyword3m/gt_5258.jpg,0.587890625,28.164623186069555,26.017156878105375
initial,1a06d6316300708f2547cac24a3fd88020fffc010abc6b340081b403b5ae78ae_text_00,anyword3m/gt_1913.jpg,1.0,21.009263935945583,21.009263935945583
text,1a06d6316300708f2547cac24a3fd88020fffc010abc6b340081b403b5ae78ae_text_00,anyword3m/gt_1913.jpg,1.0,22.258880630336535,22.258880630336535
random,1a06d6316300708f2547cac24a3fd88020fffc010abc6b340081b403b5ae78ae_text_00,anyword3m/gt_1913.jpg,1.0,22.882652149365974,22.882652149365974
initial,1a06d6316300708f2547cac24a3fd88020fffc010abc6b340081b403b5ae78ae_text_01,anyword3m/gt_1913.jpg,1.0,21.398670711278687,21.398670711278687
text,1a06d6316300708f2547cac24a3fd88020fffc010abc6b340081b403b5ae78ae_text_01,anyword3m/gt_1913.jpg,1.0,22.724417638512527,22.724417638512527
random,1a06d6316300708f2547cac24a3fd88020fffc010abc6b340081b403b5ae78ae_text_01,anyword3m/gt_1913.jpg,1.0,23.575470481699675,23.575470481699675
initial,ba8ae34d70e10bbbd55cda26df60469276bed5632c0b859f203d83301f0e6992_text_00,anyword3m/gt_286.jpg,0.73046875,24.0311609091776,22.68607704432039
text,ba8ae34d70e10bbbd55cda26df60469276bed5632c0b859f203d83301f0e6992_text_00,anyword3m/gt_286.jpg,0.73046875,25.387828090762476,24.03559412549283
random,ba8ae34d70e10bbbd55cda26df60469276bed5632c0b859f203d83301f0e6992_text_00,anyword3m/gt_286.jpg,0.73046875,26.067589422261523,24.7236980702265
initial,ba8ae34d70e10bbbd55cda26df60469276bed5632c0b859f203d83301f0e6992_text_01,anyword3m/gt_286.jpg,0.515625,25.413323435474155,22.67004172283595
text,ba8ae34d70e10bbbd55cda26df60469276bed5632c0b859f203d83301f0e6992_text_01,anyword3m/gt_286.jpg,0.515625,26.10745304337291,23.368825794387558
random,ba8ae34d70e10bbbd55cda26df60469276bed5632c0b859f203d83301f0e6992_text_01,anyword3m/gt_286.jpg,0.515625,26.351455536135543,23.60939422066697
initial,232b8044d8a2f3f1be8d9f6fa9913ba42b89db80f23a4dab0590a36f76127369_text_00,anyword3m/gt_2393.jpg,0.546875,26.78541850753335,24.34054350520606
text,232b8044d8a2f3f1be8d9f6fa9913ba42b89db80f23a4dab0590a36f76127369_text_00,anyword3m/gt_2393.jpg,0.546875,27.454414148732717,24.9158655593312
random,232b8044d8a2f3f1be8d9f6fa9913ba42b89db80f23a4dab0590a36f76127369_text_00,anyword3m/gt_2393.jpg,0.546875,27.60104005123697,25.152904622103826
initial,232b8044d8a2f3f1be8d9f6fa9913ba42b89db80f23a4dab0590a36f76127369_text_01,anyword3m/gt_2393.jpg,0.611328125,25.257850291052804,24.13759424861165
text,232b8044d8a2f3f1be8d9f6fa9913ba42b89db80f23a4dab0590a36f76127369_text_01,anyword3m/gt_2393.jpg,0.611328125,26.208265979715975,24.98787769488413
random,232b8044d8a2f3f1be8d9f6fa9913ba42b89db80f23a4dab0590a36f76127369_text_01,anyword3m/gt_2393.jpg,0.611328125,26.114183020652693,25.159820021932013
initial,dd68fa48816e04db14d0e876754e38140a1a5744dfb299fce6ee3d8de34409b9_text_00,anyword3m/gt_4540.jpg,0.5,22.50961996135867,21.948685094160112
text,dd68fa48816e04db14d0e876754e38140a1a5744dfb299fce6ee3d8de34409b9_text_00,anyword3m/gt_4540.jpg,0.5,23.000889625160447,22.539791374498087
random,dd68fa48816e04db14d0e876754e38140a1a5744dfb299fce6ee3d8de34409b9_text_00,anyword3m/gt_4540.jpg,0.5,23.331808522475498,23.218679956034492
initial,0130392a1a92b1870bfc259d4e30d89d35fefa6301d7dd293b8699621e87d313_text_00,anyword3m/gt_1838.jpg,0.759765625,24.591933607001305,23.71840714849163
text,0130392a1a92b1870bfc259d4e30d89d35fefa6301d7dd293b8699621e87d313_text_00,anyword3m/gt_1838.jpg,0.759765625,26.73205184978223,25.864264674498866
random,0130392a1a92b1870bfc259d4e30d89d35fefa6301d7dd293b8699621e87d313_text_00,anyword3m/gt_1838.jpg,0.759765625,26.965857277784885,26.105401923599466
initial,0130392a1a92b1870bfc259d4e30d89d35fefa6301d7dd293b8699621e87d313_text_01,anyword3m/gt_1838.jpg,0.787109375,26.57213849254154,25.748061211083282
text,0130392a1a92b1870bfc259d4e30d89d35fefa6301d7dd293b8699621e87d313_text_01,anyword3m/gt_1838.jpg,0.787109375,28.939552310970022,28.15060841200217
random,0130392a1a92b1870bfc259d4e30d89d35fefa6301d7dd293b8699621e87d313_text_01,anyword3m/gt_1838.jpg,0.787109375,29.822158911418306,29.090778040718295
initial,49e4c5ce7525659354d4d3361dc1f796f370642cd0a2126f513ea674ebf3aef3_text_00,anyword3m/gt_21.jpg,0.642578125,21.692956041797405,20.09097960630152
text,49e4c5ce7525659354d4d3361dc1f796f370642cd0a2126f513ea674ebf3aef3_text_00,anyword3m/gt_21.jpg,0.642578125,22.979716147320378,21.353815090167938
random,49e4c5ce7525659354d4d3361dc1f796f370642cd0a2126f513ea674ebf3aef3_text_00,anyword3m/gt_21.jpg,0.642578125,22.93993498102999,21.386276688146474
initial,49e4c5ce7525659354d4d3361dc1f796f370642cd0a2126f513ea674ebf3aef3_text_01,anyword3m/gt_21.jpg,0.650390625,20.986944920204415,19.660946987582392
text,49e4c5ce7525659354d4d3361dc1f796f370642cd0a2126f513ea674ebf3aef3_text_01,anyword3m/gt_21.jpg,0.650390625,22.119341447676636,20.77934891314101
random,49e4c5ce7525659354d4d3361dc1f796f370642cd0a2126f513ea674ebf3aef3_text_01,anyword3m/gt_21.jpg,0.650390625,22.017290865839904,20.758217070189954
initial,256bc6ca3c0a34d1d6f49f946b308fff356637d4329d69b6043263efc1f5cc09_text_00,anyword3m/gt_4994.jpg,0.76953125,32.968094330290036,32.33255174447928
text,256bc6ca3c0a34d1d6f49f946b308fff356637d4329d69b6043263efc1f5cc09_text_00,anyword3m/gt_4994.jpg,0.76953125,34.29783417793824,33.76289825789287
random,256bc6ca3c0a34d1d6f49f946b308fff356637d4329d69b6043263efc1f5cc09_text_00,anyword3m/gt_4994.jpg,0.76953125,34.16900226679283,33.591736459504524
initial,256bc6ca3c0a34d1d6f49f946b308fff356637d4329d69b6043263efc1f5cc09_text_01,anyword3m/gt_4994.jpg,0.728515625,30.196641114323395,29.438014408927053
text,256bc6ca3c0a34d1d6f49f946b308fff356637d4329d69b6043263efc1f5cc09_text_01,anyword3m/gt_4994.jpg,0.728515625,31.001282914187286,30.342741989702652
random,256bc6ca3c0a34d1d6f49f946b308fff356637d4329d69b6043263efc1f5cc09_text_01,anyword3m/gt_4994.jpg,0.728515625,31.347622042163565,30.812775228919925
initial,d2dbc6fb5996ee121498a4951129c4a380910436dbbc90b7a7c0638adafe2a55_text_00,anyword3m/gt_4970.jpg,1.0,25.517781341075434,25.517781341075434
text,d2dbc6fb5996ee121498a4951129c4a380910436dbbc90b7a7c0638adafe2a55_text_00,anyword3m/gt_4970.jpg,1.0,26.624360769165435,26.624360769165435
random,d2dbc6fb5996ee121498a4951129c4a380910436dbbc90b7a7c0638adafe2a55_text_00,anyword3m/gt_4970.jpg,1.0,27.664047757123058,27.664047757123058
initial,fc557da3b211fa8f821a5184f6f7cb900a26a2b5005424f3d6b49a066161afa4_text_00,anyword3m/gt_856.jpg,0.7734375,23.703880806637613,23.199795352374835
text,fc557da3b211fa8f821a5184f6f7cb900a26a2b5005424f3d6b49a066161afa4_text_00,anyword3m/gt_856.jpg,0.7734375,24.962253541292863,24.60184888273332
random,fc557da3b211fa8f821a5184f6f7cb900a26a2b5005424f3d6b49a066161afa4_text_00,anyword3m/gt_856.jpg,0.7734375,24.347962333246173,23.875858283388702
initial,fc557da3b211fa8f821a5184f6f7cb900a26a2b5005424f3d6b49a066161afa4_text_01,anyword3m/gt_856.jpg,0.939453125,23.533978887981007,23.49773655369081
text,fc557da3b211fa8f821a5184f6f7cb900a26a2b5005424f3d6b49a066161afa4_text_01,anyword3m/gt_856.jpg,0.939453125,24.797326970338233,24.793292284342353
random,fc557da3b211fa8f821a5184f6f7cb900a26a2b5005424f3d6b49a066161afa4_text_01,anyword3m/gt_856.jpg,0.939453125,24.26876968836238,24.2276353451539
initial,b7fcd9ed07ab85e12260f4e541d09f58718335846c5aa88454146223ee1e26f9_text_00,anyword3m/gt_4325.jpg,1.0,27.10002445495857,27.10002445495857
text,b7fcd9ed07ab85e12260f4e541d09f58718335846c5aa88454146223ee1e26f9_text_00,anyword3m/gt_4325.jpg,1.0,30.255548778624938,30.255548778624938
random,b7fcd9ed07ab85e12260f4e541d09f58718335846c5aa88454146223ee1e26f9_text_00,anyword3m/gt_4325.jpg,1.0,30.864011638226874,30.864011638226874
initial,401572dc533baef99bd464483afd21fdd04ff6450ffed326c6fdda5a0397f7df_text_00,anyword3m/gt_2736.jpg,0.689453125,28.49312192126023,27.288557580016047
text,401572dc533baef99bd464483afd21fdd04ff6450ffed326c6fdda5a0397f7df_text_00,anyword3m/gt_2736.jpg,0.689453125,31.02163330743679,29.844285013240434
random,401572dc533baef99bd464483afd21fdd04ff6450ffed326c6fdda5a0397f7df_text_00,anyword3m/gt_2736.jpg,0.689453125,32.15481189869128,31.077808536811613
initial,401572dc533baef99bd464483afd21fdd04ff6450ffed326c6fdda5a0397f7df_text_01,anyword3m/gt_2736.jpg,0.8359375,28.51649506736208,27.973615220255216
text,401572dc533baef99bd464483afd21fdd04ff6450ffed326c6fdda5a0397f7df_text_01,anyword3m/gt_2736.jpg,0.8359375,31.483803062658183,30.989389439589836
random,401572dc533baef99bd464483afd21fdd04ff6450ffed326c6fdda5a0397f7df_text_01,anyword3m/gt_2736.jpg,0.8359375,32.39751959642732,32.004653650548576
initial,a4e9d118fff6deb232bf4b4e15f2365b39cedc0db92be6655ff56bf1c7dc49c4_text_00,anyword3m/gt_1343.jpg,0.923828125,29.009468963773244,28.78166325136216
text,a4e9d118fff6deb232bf4b4e15f2365b39cedc0db92be6655ff56bf1c7dc49c4_text_00,anyword3m/gt_1343.jpg,0.923828125,31.783297773075763,31.539798473288585
random,a4e9d118fff6deb232bf4b4e15f2365b39cedc0db92be6655ff56bf1c7dc49c4_text_00,anyword3m/gt_1343.jpg,0.923828125,31.83068526838302,31.581302487028204
initial,a4e9d118fff6deb232bf4b4e15f2365b39cedc0db92be6655ff56bf1c7dc49c4_text_01,anyword3m/gt_1343.jpg,0.923828125,29.76899929893594,29.582515689101502
text,a4e9d118fff6deb232bf4b4e15f2365b39cedc0db92be6655ff56bf1c7dc49c4_text_01,anyword3m/gt_1343.jpg,0.923828125,32.45565406282231,32.242571356639665
random,a4e9d118fff6deb232bf4b4e15f2365b39cedc0db92be6655ff56bf1c7dc49c4_text_01,anyword3m/gt_1343.jpg,0.923828125,32.50480826111443,32.27486655662082
initial,c72b19203f77e663c20894bb40dc4c0f6b795689b31ea975367a27df1b83e0a1_text_00,anyword3m/gt_796.jpg,0.76171875,26.650733091259244,25.848109364581408
text,c72b19203f77e663c20894bb40dc4c0f6b795689b31ea975367a27df1b83e0a1_text_00,anyword3m/gt_796.jpg,0.76171875,27.71842983640182,26.98864277053484
random,c72b19203f77e663c20894bb40dc4c0f6b795689b31ea975367a27df1b83e0a1_text_00,anyword3m/gt_796.jpg,0.76171875,27.315814943497593,26.58425594216206
initial,c72b19203f77e663c20894bb40dc4c0f6b795689b31ea975367a27df1b83e0a1_text_01,anyword3m/gt_796.jpg,0.876953125,26.29045854482086,25.912252715128577
text,c72b19203f77e663c20894bb40dc4c0f6b795689b31ea975367a27df1b83e0a1_text_01,anyword3m/gt_796.jpg,0.876953125,27.767303184377905,27.37723187834341
random,c72b19203f77e663c20894bb40dc4c0f6b795689b31ea975367a27df1b83e0a1_text_01,anyword3m/gt_796.jpg,0.876953125,27.31934010545299,26.892289365715886
initial,b9d88922042d0d4ccb90142a777417e46efa3d7bbc3e0e8107905d3c35c538e7_text_00,anyword3m/gt_2078.jpg,0.611328125,25.372945078560235,23.31889017785445
text,b9d88922042d0d4ccb90142a777417e46efa3d7bbc3e0e8107905d3c35c538e7_text_00,anyword3m/gt_2078.jpg,0.611328125,27.365554621679653,25.340454873040787
random,b9d88922042d0d4ccb90142a777417e46efa3d7bbc3e0e8107905d3c35c538e7_text_00,anyword3m/gt_2078.jpg,0.611328125,27.517904137670506,25.487007345279164
initial,b9d88922042d0d4ccb90142a777417e46efa3d7bbc3e0e8107905d3c35c538e7_text_01,anyword3m/gt_2078.jpg,0.78125,25.96659405322957,25.02108118497684
text,b9d88922042d0d4ccb90142a777417e46efa3d7bbc3e0e8107905d3c35c538e7_text_01,anyword3m/gt_2078.jpg,0.78125,28.93792025165506,28.101062682583443
random,b9d88922042d0d4ccb90142a777417e46efa3d7bbc3e0e8107905d3c35c538e7_text_01,anyword3m/gt_2078.jpg,0.78125,28.861014584412633,28.033273066245073
initial,d5e48a6c3a3aff56c8f311bb911878a6722e4d46b0a8a3ae070a9b428b3cf087_text_00,anyword3m/gt_5241.jpg,0.76953125,28.158939031663483,27.39135141933463
text,d5e48a6c3a3aff56c8f311bb911878a6722e4d46b0a8a3ae070a9b428b3cf087_text_00,anyword3m/gt_5241.jpg,0.76953125,32.064579283339626,31.44366634320397
random,d5e48a6c3a3aff56c8f311bb911878a6722e4d46b0a8a3ae070a9b428b3cf087_text_00,anyword3m/gt_5241.jpg,0.76953125,32.218156218198,31.575713223727135
initial,d5e48a6c3a3aff56c8f311bb911878a6722e4d46b0a8a3ae070a9b428b3cf087_text_01,anyword3m/gt_5241.jpg,0.81640625,28.65534917515971,28.10612516599551
text,d5e48a6c3a3aff56c8f311bb911878a6722e4d46b0a8a3ae070a9b428b3cf087_text_01,anyword3m/gt_5241.jpg,0.81640625,32.38628050116152,31.895181389265403
random,d5e48a6c3a3aff56c8f311bb911878a6722e4d46b0a8a3ae070a9b428b3cf087_text_01,anyword3m/gt_5241.jpg,0.81640625,33.089914629943465,32.576174822372835
initial,3d648657d30c552878735a461b14b09d49687544466aafeea1e5400d84c5c3af_text_00,anyword3m/gt_1891.jpg,0.740234375,25.452591965637907,24.8990545452571
text,3d648657d30c552878735a461b14b09d49687544466aafeea1e5400d84c5c3af_text_00,anyword3m/gt_1891.jpg,0.740234375,26.30227015272705,25.83441585824271
random,3d648657d30c552878735a461b14b09d49687544466aafeea1e5400d84c5c3af_text_00,anyword3m/gt_1891.jpg,0.740234375,25.924378671067277,25.48446692382107
initial,3d648657d30c552878735a461b14b09d49687544466aafeea1e5400d84c5c3af_text_01,anyword3m/gt_1891.jpg,0.89453125,28.0102741917441,27.56313325323806
text,3d648657d30c552878735a461b14b09d49687544466aafeea1e5400d84c5c3af_text_01,anyword3m/gt_1891.jpg,0.89453125,30.76624987007092,30.331846762713024
random,3d648657d30c552878735a461b14b09d49687544466aafeea1e5400d84c5c3af_text_01,anyword3m/gt_1891.jpg,0.89453125,30.966288219301667,30.535601406204904
initial,3d7ebfe35fc48562cabaaa4ab0c8f41a4bfa175f7b930c6f230526d9367c57d2_text_00,anyword3m/gt_5015.jpg,0.5,27.14972452194977,24.79655756114889
text,3d7ebfe35fc48562cabaaa4ab0c8f41a4bfa175f7b930c6f230526d9367c57d2_text_00,anyword3m/gt_5015.jpg,0.5,27.084971085330846,24.62577268017157
random,3d7ebfe35fc48562cabaaa4ab0c8f41a4bfa175f7b930c6f230526d9367c57d2_text_00,anyword3m/gt_5015.jpg,0.5,27.602244987347568,25.264299046447025
initial,3d7ebfe35fc48562cabaaa4ab0c8f41a4bfa175f7b930c6f230526d9367c57d2_text_01,anyword3m/gt_5015.jpg,0.5,25.988948899506568,23.342061958689495
text,3d7ebfe35fc48562cabaaa4ab0c8f41a4bfa175f7b930c6f230526d9367c57d2_text_01,anyword3m/gt_5015.jpg,0.5,26.783785345085622,24.08320867127251
random,3d7ebfe35fc48562cabaaa4ab0c8f41a4bfa175f7b930c6f230526d9367c57d2_text_01,anyword3m/gt_5015.jpg,0.5,27.251401502999745,24.567677700636818
initial,23d19d61b72c104035d7c4f8e1e04d7b3b85d853e51db4c199312ad8b3349e9f_text_00,anyword3m/gt_4768.jpg,0.69140625,23.455768653648335,21.933141767088493
text,23d19d61b72c104035d7c4f8e1e04d7b3b85d853e51db4c199312ad8b3349e9f_text_00,anyword3m/gt_4768.jpg,0.69140625,25.273884121085786,23.75948561416722
random,23d19d61b72c104035d7c4f8e1e04d7b3b85d853e51db4c199312ad8b3349e9f_text_00,anyword3m/gt_4768.jpg,0.69140625,25.816998320766203,24.306559328774647
initial,23d19d61b72c104035d7c4f8e1e04d7b3b85d853e51db4c199312ad8b3349e9f_text_01,anyword3m/gt_4768.jpg,0.919921875,24.16422672602451,23.87036391098949
text,23d19d61b72c104035d7c4f8e1e04d7b3b85d853e51db4c199312ad8b3349e9f_text_01,anyword3m/gt_4768.jpg,0.919921875,28.72885606763036,28.474885979838763
random,23d19d61b72c104035d7c4f8e1e04d7b3b85d853e51db4c199312ad8b3349e9f_text_01,anyword3m/gt_4768.jpg,0.919921875,29.167461924206556,28.899817286734617
initial,ef3d2bb2dab922d9b97f53cd24eed2b7de7bb6fb9a8c0bc51855ecf9a5a83431_text_00,anyword3m/gt_1187.jpg,0.59375,27.11049589981243,25.573496386846614
text,ef3d2bb2dab922d9b97f53cd24eed2b7de7bb6fb9a8c0bc51855ecf9a5a83431_text_00,anyword3m/gt_1187.jpg,0.59375,27.481935323900295,25.882007370737323
random,ef3d2bb2dab922d9b97f53cd24eed2b7de7bb6fb9a8c0bc51855ecf9a5a83431_text_00,anyword3m/gt_1187.jpg,0.59375,27.039270843843468,25.464528709192358
initial,ef3d2bb2dab922d9b97f53cd24eed2b7de7bb6fb9a8c0bc51855ecf9a5a83431_text_01,anyword3m/gt_1187.jpg,0.66015625,26.153420545675402,24.673923412770023
text,ef3d2bb2dab922d9b97f53cd24eed2b7de7bb6fb9a8c0bc51855ecf9a5a83431_text_01,anyword3m/gt_1187.jpg,0.66015625,26.714477433284213,25.28059243455802
random,ef3d2bb2dab922d9b97f53cd24eed2b7de7bb6fb9a8c0bc51855ecf9a5a83431_text_01,anyword3m/gt_1187.jpg,0.66015625,26.455705967640043,25.01355759451669
initial,00b6874a14a6bf5e575a455d78c2085be36949da86f8af3f92e0c3576f5fe9ba_text_00,anyword3m/gt_3610.jpg,0.919921875,21.303265245390293,21.04506152018667
text,00b6874a14a6bf5e575a455d78c2085be36949da86f8af3f92e0c3576f5fe9ba_text_00,anyword3m/gt_3610.jpg,0.919921875,22.12108706616377,21.868925219454425
random,00b6874a14a6bf5e575a455d78c2085be36949da86f8af3f92e0c3576f5fe9ba_text_00,anyword3m/gt_3610.jpg,0.919921875,22.25258453496862,22.002046914673606
initial,00b6874a14a6bf5e575a455d78c2085be36949da86f8af3f92e0c3576f5fe9ba_text_01,anyword3m/gt_3610.jpg,0.8671875,21.3591947809015,20.92875019338083
text,00b6874a14a6bf5e575a455d78c2085be36949da86f8af3f92e0c3576f5fe9ba_text_01,anyword3m/gt_3610.jpg,0.8671875,22.57846848093466,22.141253031217005
random,00b6874a14a6bf5e575a455d78c2085be36949da86f8af3f92e0c3576f5fe9ba_text_01,anyword3m/gt_3610.jpg,0.8671875,22.534093787052704,22.090793149234706
initial,16444c9e01d153977a83b9722cb857a865c45fbcb9cdd22c84041f997ccf1916_text_00,anyword3m/gt_5325.jpg,0.720703125,24.724026913228716,23.729810752342896
text,16444c9e01d153977a83b9722cb857a865c45fbcb9cdd22c84041f997ccf1916_text_00,anyword3m/gt_5325.jpg,0.720703125,27.086511906792982,26.321711572792275
random,16444c9e01d153977a83b9722cb857a865c45fbcb9cdd22c84041f997ccf1916_text_00,anyword3m/gt_5325.jpg,0.720703125,26.649120478082402,25.837030495199308
initial,16444c9e01d153977a83b9722cb857a865c45fbcb9cdd22c84041f997ccf1916_text_01,anyword3m/gt_5325.jpg,0.849609375,26.328318051303814,26.081156167562774
text,16444c9e01d153977a83b9722cb857a865c45fbcb9cdd22c84041f997ccf1916_text_01,anyword3m/gt_5325.jpg,0.849609375,29.45074006845509,29.328873497829786
random,16444c9e01d153977a83b9722cb857a865c45fbcb9cdd22c84041f997ccf1916_text_01,anyword3m/gt_5325.jpg,0.849609375,29.373373350968507,29.252557775601776
initial,bbaf012426e917ec195cda4138d7607464ceb002bc7b5a604b3573b7936dab6f_text_00,anyword3m/gt_5362.jpg,1.0,24.759827332560995,24.759827332560995
text,bbaf012426e917ec195cda4138d7607464ceb002bc7b5a604b3573b7936dab6f_text_00,anyword3m/gt_5362.jpg,1.0,26.39561962655279,26.39561962655279
random,bbaf012426e917ec195cda4138d7607464ceb002bc7b5a604b3573b7936dab6f_text_00,anyword3m/gt_5362.jpg,1.0,27.08722707072292,27.08722707072292
initial,bbaf012426e917ec195cda4138d7607464ceb002bc7b5a604b3573b7936dab6f_text_01,anyword3m/gt_5362.jpg,1.0,25.137006859203623,25.137006859203623
text,bbaf012426e917ec195cda4138d7607464ceb002bc7b5a604b3573b7936dab6f_text_01,anyword3m/gt_5362.jpg,1.0,27.899214568479138,27.899214568479138
random,bbaf012426e917ec195cda4138d7607464ceb002bc7b5a604b3573b7936dab6f_text_01,anyword3m/gt_5362.jpg,1.0,28.793033287128136,28.793033287128136
initial,7359c1afd3ec73af92918f3c63279e72182bc3e3ecd0a2613aeebb4b85ad5827_text_00,anyword3m/gt_5117.jpg,0.744140625,26.117385744902442,25.33546012198729
text,7359c1afd3ec73af92918f3c63279e72182bc3e3ecd0a2613aeebb4b85ad5827_text_00,anyword3m/gt_5117.jpg,0.744140625,27.299900208733302,26.62142315931281
random,7359c1afd3ec73af92918f3c63279e72182bc3e3ecd0a2613aeebb4b85ad5827_text_00,anyword3m/gt_5117.jpg,0.744140625,28.10376011715921,27.55952877743175
initial,7359c1afd3ec73af92918f3c63279e72182bc3e3ecd0a2613aeebb4b85ad5827_text_01,anyword3m/gt_5117.jpg,0.556640625,26.35972291495118,24.158778438527328
text,7359c1afd3ec73af92918f3c63279e72182bc3e3ecd0a2613aeebb4b85ad5827_text_01,anyword3m/gt_5117.jpg,0.556640625,27.274447461388803,25.057741963372724
random,7359c1afd3ec73af92918f3c63279e72182bc3e3ecd0a2613aeebb4b85ad5827_text_01,anyword3m/gt_5117.jpg,0.556640625,28.533223573183854,26.608932697437638
initial,ca83436c212c715cfbfd178d12a1f15abc9a6ddda2b087142866c5a2cca26307_text_00,anyword3m/gt_245.jpg,0.787109375,27.73426947266931,26.906656271419468
text,ca83436c212c715cfbfd178d12a1f15abc9a6ddda2b087142866c5a2cca26307_text_00,anyword3m/gt_245.jpg,0.787109375,28.97670326167048,28.143719228787532
random,ca83436c212c715cfbfd178d12a1f15abc9a6ddda2b087142866c5a2cca26307_text_00,anyword3m/gt_245.jpg,0.787109375,28.140243005117686,27.30283462987043
initial,ca83436c212c715cfbfd178d12a1f15abc9a6ddda2b087142866c5a2cca26307_text_01,anyword3m/gt_245.jpg,0.955078125,27.820818970724357,27.798444499123136
text,ca83436c212c715cfbfd178d12a1f15abc9a6ddda2b087142866c5a2cca26307_text_01,anyword3m/gt_245.jpg,0.955078125,30.339731573650603,30.283163362775344
random,ca83436c212c715cfbfd178d12a1f15abc9a6ddda2b087142866c5a2cca26307_text_01,anyword3m/gt_245.jpg,0.955078125,30.1217929847089,30.03876146921453
initial,21e2c12c6241cdaa555fd417d8bf8b5c771826e0687a68475b33d695a926ec60_text_00,anyword3m/gt_1617.jpg,0.837890625,28.213351078491165,27.52021488833085
text,21e2c12c6241cdaa555fd417d8bf8b5c771826e0687a68475b33d695a926ec60_text_00,anyword3m/gt_1617.jpg,0.837890625,31.814589098312215,31.149147032915117
random,21e2c12c6241cdaa555fd417d8bf8b5c771826e0687a68475b33d695a926ec60_text_00,anyword3m/gt_1617.jpg,0.837890625,30.847082823419214,30.164044335771393
initial,21e2c12c6241cdaa555fd417d8bf8b5c771826e0687a68475b33d695a926ec60_text_01,anyword3m/gt_1617.jpg,0.568359375,27.93941192247411,25.768038394786995
text,21e2c12c6241cdaa555fd417d8bf8b5c771826e0687a68475b33d695a926ec60_text_01,anyword3m/gt_1617.jpg,0.568359375,29.161694236179706,26.936933419905706
random,21e2c12c6241cdaa555fd417d8bf8b5c771826e0687a68475b33d695a926ec60_text_01,anyword3m/gt_1617.jpg,0.568359375,28.278580076015288,26.04070868801385
initial,5f972b6285cd0aa6239a9b12295eb1d9a01bcfcb7a69e3fca147c1d9c14078f4_text_00,anyword3m/gt_1580.jpg,1.0,28.568921034688344,28.568921034688344
text,5f972b6285cd0aa6239a9b12295eb1d9a01bcfcb7a69e3fca147c1d9c14078f4_text_00,anyword3m/gt_1580.jpg,1.0,31.86387161342743,31.86387161342743
random,5f972b6285cd0aa6239a9b12295eb1d9a01bcfcb7a69e3fca147c1d9c14078f4_text_00,anyword3m/gt_1580.jpg,1.0,32.408217046033855,32.408217046033855
initial,7a7ebf8e39b2351e6d890b41723ead7d3702862e4c2962416669800755cfb3b9_text_00,anyword3m/gt_1520.jpg,0.71484375,24.920798359415983,24.392685253439033
text,7a7ebf8e39b2351e6d890b41723ead7d3702862e4c2962416669800755cfb3b9_text_00,anyword3m/gt_1520.jpg,0.71484375,25.315903822239896,24.957038647427833
random,7a7ebf8e39b2351e6d890b41723ead7d3702862e4c2962416669800755cfb3b9_text_00,anyword3m/gt_1520.jpg,0.71484375,25.489713218242265,25.29780657387016
initial,c5a5a77ee777484c2c26a10fb842f28c6237a71b5292ad52d8484cc4e73e90b5_text_00,anyword3m/gt_237.jpg,1.0,22.87340234710596,22.87340234710596
text,c5a5a77ee777484c2c26a10fb842f28c6237a71b5292ad52d8484cc4e73e90b5_text_00,anyword3m/gt_237.jpg,1.0,23.545372793842454,23.545372793842454
random,c5a5a77ee777484c2c26a10fb842f28c6237a71b5292ad52d8484cc4e73e90b5_text_00,anyword3m/gt_237.jpg,1.0,24.133445868067298,24.133445868067298
initial,c5a5a77ee777484c2c26a10fb842f28c6237a71b5292ad52d8484cc4e73e90b5_text_01,anyword3m/gt_237.jpg,1.0,21.4711943819157,21.4711943819157
text,c5a5a77ee777484c2c26a10fb842f28c6237a71b5292ad52d8484cc4e73e90b5_text_01,anyword3m/gt_237.jpg,1.0,22.28876898961577,22.28876898961577
random,c5a5a77ee777484c2c26a10fb842f28c6237a71b5292ad52d8484cc4e73e90b5_text_01,anyword3m/gt_237.jpg,1.0,22.69200269180553,22.69200269180553
initial,99cdc3febbe29f2d81fec67952f2e02297c17fd297bd758152abcb1360722521_text_00,anyword3m/gt_4946.jpg,0.5,19.629292832698933,17.390682715296045
text,99cdc3febbe29f2d81fec67952f2e02297c17fd297bd758152abcb1360722521_text_00,anyword3m/gt_4946.jpg,0.5,20.598856473832615,18.406725945499694
random,99cdc3febbe29f2d81fec67952f2e02297c17fd297bd758152abcb1360722521_text_00,anyword3m/gt_4946.jpg,0.5,19.704334213825756,17.434493470650928
initial,99cdc3febbe29f2d81fec67952f2e02297c17fd297bd758152abcb1360722521_text_01,anyword3m/gt_4946.jpg,0.5,20.69709329506791,19.306025141885428
text,99cdc3febbe29f2d81fec67952f2e02297c17fd297bd758152abcb1360722521_text_01,anyword3m/gt_4946.jpg,0.5,21.26468607383928,20.04955285291855
random,99cdc3febbe29f2d81fec67952f2e02297c17fd297bd758152abcb1360722521_text_01,anyword3m/gt_4946.jpg,0.5,20.148856302090792,18.916226544049135
initial,ac660bd63837d353df2a70589b58d173ff577a0c049fddeb1e851cc77171a08e_text_00,anyword3m/gt_370.jpg,0.611328125,25.70092667303701,23.798512684601867
text,ac660bd63837d353df2a70589b58d173ff577a0c049fddeb1e851cc77171a08e_text_00,anyword3m/gt_370.jpg,0.611328125,26.93844302746172,25.082119623336038
random,ac660bd63837d353df2a70589b58d173ff577a0c049fddeb1e851cc77171a08e_text_00,anyword3m/gt_370.jpg,0.611328125,27.391008735264563,25.611365211362088
initial,ac660bd63837d353df2a70589b58d173ff577a0c049fddeb1e851cc77171a08e_text_01,anyword3m/gt_370.jpg,0.642578125,24.965981806412504,23.728720412102028
text,ac660bd63837d353df2a70589b58d173ff577a0c049fddeb1e851cc77171a08e_text_01,anyword3m/gt_370.jpg,0.642578125,25.758916221802515,24.614901972188783
random,ac660bd63837d353df2a70589b58d173ff577a0c049fddeb1e851cc77171a08e_text_01,anyword3m/gt_370.jpg,0.642578125,26.239996626505967,25.283806529784584
initial,923e32ba96a53e96572ef820a86e7160ca048bda75e58716e304cad904157924_text_00,anyword3m/gt_359.jpg,0.654296875,22.124034588040157,20.618278551556564
text,923e32ba96a53e96572ef820a86e7160ca048bda75e58716e304cad904157924_text_00,anyword3m/gt_359.jpg,0.654296875,24.475910243440335,22.899543224616544
random,923e32ba96a53e96572ef820a86e7160ca048bda75e58716e304cad904157924_text_00,anyword3m/gt_359.jpg,0.654296875,24.467182695747557,22.870018103890445
initial,923e32ba96a53e96572ef820a86e7160ca048bda75e58716e304cad904157924_text_01,anyword3m/gt_359.jpg,0.8125,23.28718720469133,22.46240065168334
text,923e32ba96a53e96572ef820a86e7160ca048bda75e58716e304cad904157924_text_01,anyword3m/gt_359.jpg,0.8125,24.722051779767142,23.89143593992202
random,923e32ba96a53e96572ef820a86e7160ca048bda75e58716e304cad904157924_text_01,anyword3m/gt_359.jpg,0.8125,24.657150301540256,23.834669189011088
initial,10e20107e99b33f86e43f44dc94b5987bcdb36bd0ec3f095660ae8d825c1c3b2_text_00,anyword3m/gt_1517.jpg,0.513671875,30.40991937915756,28.53603467654674
text,10e20107e99b33f86e43f44dc94b5987bcdb36bd0ec3f095660ae8d825c1c3b2_text_00,anyword3m/gt_1517.jpg,0.513671875,32.03722812293775,30.12568486293663
random,10e20107e99b33f86e43f44dc94b5987bcdb36bd0ec3f095660ae8d825c1c3b2_text_00,anyword3m/gt_1517.jpg,0.513671875,31.451619842696054,29.729919983045797
initial,10e20107e99b33f86e43f44dc94b5987bcdb36bd0ec3f095660ae8d825c1c3b2_text_01,anyword3m/gt_1517.jpg,0.86328125,28.583113312555778,28.062084401621274
text,10e20107e99b33f86e43f44dc94b5987bcdb36bd0ec3f095660ae8d825c1c3b2_text_01,anyword3m/gt_1517.jpg,0.86328125,30.867977898171652,30.352582520629333
random,10e20107e99b33f86e43f44dc94b5987bcdb36bd0ec3f095660ae8d825c1c3b2_text_01,anyword3m/gt_1517.jpg,0.86328125,30.564392344227883,30.04224255192362
